date,excavator_sales_units,real_estate_new_starts_ytd_yoy_pct,infrastructure_investment_ytd_yoy_pct,mining_investment_ytd_yoy_pct
2014-01-01,4533.0,,,
2014-02-01,9410.0,-27.4,,10.2
2014-03-01,20075.0,-25.2,,12.1
2014-04-01,12910.0,-22.1,,6.9
2014-05-01,7965.0,-18.6,,7.4
2014-06-01,6311.0,-16.4,,4.5
2014-07-01,4616.0,-12.8,,3.8
2014-08-01,4494.0,-10.5,,3.9
2014-09-01,4559.0,-9.3,,3.6
2014-10-01,4975.0,-5.5,,2.2
2014-11-01,5184.0,-9.0,,1.4
2014-12-01,5475.0,-10.7,,0.7
2015-01-01,3564.0,,,
2015-02-01,2614.0,-17.7,,-2.6
2015-03-01,11516.0,-18.4,,-4.1
2015-04-01,8488.0,-17.3,,-7.8
2015-05-01,5370.0,-16.0,,-9.1
2015-06-01,4158.0,-15.8,,-7.7
2015-07-01,3236.0,-16.8,,-6.5
2015-08-01,3016.0,-16.8,,-7.6
2015-09-01,3185.0,-12.6,,-8.0
2015-10-01,3394.0,-13.9,,-8.5
2015-11-01,3860.0,-14.7,,-8.7
2015-12-01,3948.0,-14.0,,-8.8
2016-01-01,2950.0,,,
2016-02-01,3654.0,13.7,,-29.5
2016-03-01,13744.0,19.2,,-18.1
2016-04-01,7159.0,21.4,,-15.3
2016-05-01,5481.0,18.3,,-16.4
2016-06-01,4449.0,14.9,,-19.7
2016-07-01,3664.0,13.7,,-22.9
2016-08-01,4370.0,12.2,,-23.5
2016-09-01,5459.0,6.8,,-20.9
2016-10-01,5816.0,8.1,,-20.9
2016-11-01,6664.0,7.6,,-20.2
2016-12-01,6911.0,8.1,,-20.4
2017-01-01,4548.0,,,
2017-02-01,14530.0,10.4,,4.1
2017-03-01,21389.0,11.6,,-7.1
2017-04-01,14397.0,11.1,,-9.5
2017-05-01,11271.0,9.5,,-11.4
2017-06-01,8933.0,10.6,,-6.4
2017-07-01,7656.0,8.0,,-6.1
2017-08-01,8714.0,7.6,,-7.0
2017-09-01,10496.0,6.8,,-9.2
2017-10-01,10541.0,5.6,,-9.1
2017-11-01,13822.0,6.9,,-10.2
2017-12-01,14005.0,7.0,,-10.0
2018-01-01,10687.0,,,
2018-02-01,11113.0,2.9,16.1,-13.0
2018-03-01,38261.0,9.7,13.0,2.5
2018-04-01,26561.0,7.3,12.4,-2.0
2018-05-01,19313.0,10.8,9.4,-1.8
2018-06-01,14188.0,11.8,7.3,0.2
2018-07-01,11123.0,14.4,5.7,3.7
2018-08-01,11588.0,15.9,4.2,5.9
2018-09-01,13408.0,16.4,3.3,6.2
2018-10-01,15274.0,16.3,3.7,9.4
2018-11-01,15877.0,16.8,3.7,8.6
2018-12-01,16027.0,17.2,3.8,4.1
2019-01-01,11756.0,,,
2019-02-01,18745.0,6.0,4.3,41.4
2019-03-01,44278.0,11.9,4.4,14.8
2019-04-01,28410.0,13.1,4.4,25.7
2019-05-01,18897.0,10.5,4.0,26.1
2019-06-01,15121.0,10.1,4.1,22.3
2019-07-01,12346.0,9.5,3.8,27.4
2019-08-01,13843.0,8.9,4.2,26.2
2019-09-01,15799.0,8.6,4.5,26.2
2019-10-01,17027.0,10.0,4.2,25.1
2019-11-01,19316.0,8.6,4.0,25.3
2019-12-01,20155.0,8.5,3.8,24.1
2020-01-01,9942.0,,,
2020-02-01,9280.0,-44.9,-30.3,-3.8
2020-03-01,49408.0,-27.2,-19.7,-3.2
2020-04-01,45426.0,-18.4,-11.8,-9.2
2020-05-01,31744.0,-12.8,-6.3,-8.7
2020-06-01,24625.0,-7.6,-2.7,-3.9
2020-07-01,19110.0,-4.5,-1.0,-11.9
2020-08-01,20939.0,-3.6,-0.3,-9.5
2020-09-01,26034.0,-3.4,0.2,-9.5
2020-10-01,27331.0,-2.6,0.7,-8.4
2020-11-01,32236.0,-2.0,1.0,-9.2
2020-12-01,31530.0,-1.2,0.9,-14.1
2021-01-01,19601.0,,,
2021-02-01,28305.0,64.3,36.6,15.8
2021-03-01,79035.0,28.2,29.7,20.8
2021-04-01,46572.0,12.8,18.4,13.0
2021-05-01,27220.0,6.9,11.8,13.9
2021-06-01,23100.0,3.8,7.8,11.5
2021-07-01,17345.0,-0.9,4.6,8.9
2021-08-01,18075.0,-3.2,2.9,6.7
2021-09-01,20085.0,-4.5,1.5,6.2
2021-10-01,18964.0,-7.7,1.0,5.0
2021-11-01,20444.0,-9.1,0.5,7.3
2021-12-01,24038.0,-11.4,0.4,10.9
2022-01-01,15607.0,,,
2022-02-01,24483.0,-12.2,8.1,21.1
2022-03-01,37085.0,-17.5,8.5,19.0
2022-04-01,24534.0,-26.3,6.5,18.8
2022-05-01,20624.0,-30.6,6.7,17.3
2022-06-01,20761.0,-34.4,7.1,9.8
2022-07-01,17939.0,-36.1,7.4,8.3
2022-08-01,18076.0,-37.2,8.3,6.9
2022-09-01,21187.0,-38.0,8.6,8.2
2022-10-01,20501.0,-37.8,8.7,8.1
2022-11-01,23680.0,-38.9,8.9,0.5
2022-12-01,16869.0,-39.4,9.4,4.5
2023-01-01,10443.0,,,
2023-02-01,21450.0,-9.4,9.0,5.6
2023-03-01,25578.0,-19.2,8.8,0.6
2023-04-01,18772.0,-21.2,8.5,-2.2
2023-05-01,16809.0,-22.6,7.5,1.5
2023-06-01,15766.0,-24.3,7.2,0.8
2023-07-01,12606.0,-24.5,6.8,2.0
2023-08-01,13105.0,-24.4,6.4,2.0
2023-09-01,14283.0,-23.4,6.2,1.6
2023-10-01,14584.0,-23.2,5.9,1.4
2023-11-01,14924.0,-21.2,5.8,1.3
2023-12-01,16698.0,-20.4,5.9,2.1
2024-01-01,12376.0,,,
2024-02-01,12608.0,-29.7,6.3,14.4
2024-03-01,24980.0,-27.8,6.5,18.5
2024-04-01,18822.0,-24.6,6.0,21.3
2024-05-01,17824.0,-24.2,5.7,17.7
2024-06-01,16603.0,-23.7,5.4,17.0
2024-07-01,13690.0,-23.2,4.9,19.3
2024-08-01,14647.0,-22.5,4.4,15.6
2024-09-01,15831.0,-22.2,4.1,13.2
2024-10-01,16791.0,-22.6,4.3,13.2
2024-11-01,17590.0,-23.0,4.2,10.3
2024-12-01,19369.0,-23.0,4.4,10.5
2025-01-01,12512.0,,,
2025-02-01,19270.0,-29.6,5.6,4.7
2025-03-01,29590.0,-24.4,5.8,5.6
2025-04-01,22142.0,-23.8,5.8,6.3
2025-05-01,18202.0,-22.8,5.6,5.8
2025-06-01,18804.0,-20.0,4.6,3.4
2025-07-01,17138.0,-19.4,3.2,3.0
2025-08-01,16523.0,-19.5,2.0,3.0
2025-09-01,,-18.9,1.1,3.7
2025-10-01,,-19.8,-0.1,3.8
2025-11-01,,-20.5,-1.1,4.0
2025-12-01,,-20.4,-2.2,2.5
