observation_date,available_date,fed_assets
2002-12-18,2011-07-07,720601.0
2002-12-25,2011-07-07,733107.0
2003-01-01,2011-07-07,732048.0
2003-01-08,2011-07-07,724796.0
2003-01-15,2011-07-07,721098.0
2003-01-22,2011-07-07,736969.0
2003-01-29,2011-07-07,713818.0
2003-02-05,2011-07-07,720659.0
2003-02-12,2011-07-07,714292.0
2003-02-19,2011-07-07,731420.0
2003-02-26,2011-07-07,722984.0
2003-03-05,2011-07-07,723648.0
2003-03-12,2011-07-07,718001.0
2003-03-19,2011-07-07,730894.0
2003-03-26,2011-07-07,725971.0
2003-04-02,2011-07-07,733407.0
2003-04-09,2011-07-07,728780.0
2003-04-16,2011-07-07,746781.0
2003-04-23,2011-07-07,733157.0
2003-04-30,2011-07-07,747239.0
2003-05-07,2011-07-07,734407.0
2003-05-14,2011-07-07,741309.0
2003-05-21,2011-07-07,735628.0
2003-05-28,2011-07-07,745817.0
2003-06-04,2011-07-07,732594.0
2003-06-11,2011-07-07,744164.0
2003-06-18,2011-07-07,736850.0
2003-06-25,2011-07-07,744931.0
2003-07-02,2011-07-07,741035.0
2003-07-09,2011-07-07,745332.0
2003-07-16,2011-07-07,738658.0
2003-07-23,2011-07-07,746550.0
2003-07-30,2011-07-07,741172.0
2003-08-06,2011-07-07,734891.0
2003-08-13,2011-07-07,736255.0
2003-08-20,2011-07-07,751724.0
2003-08-27,2011-07-07,741534.0
2003-09-03,2011-07-07,751360.0
2003-09-10,2011-07-07,738134.0
2003-09-17,2011-07-07,744835.0
2003-09-24,2011-07-07,742084.0
2003-10-01,2011-07-07,754045.0
2003-10-08,2011-07-07,737996.0
2003-10-15,2011-07-07,755114.0
2003-10-22,2011-07-07,744462.0
2003-10-29,2011-07-07,748158.0
2003-11-05,2011-07-07,745015.0
2003-11-12,2011-07-07,746501.0
2003-11-19,2011-07-07,745433.0
2003-11-26,2011-07-07,757859.0
2003-12-03,2011-07-07,750878.0
2003-12-10,2011-07-07,757481.0
2003-12-17,2011-07-07,754812.0
2003-12-24,2011-07-07,767892.0
2003-12-31,2011-07-07,772444.0
2004-01-07,2011-07-07,756718.0
2004-01-14,2011-07-07,753699.0
2004-01-21,2011-07-07,776717.0
2004-01-28,2011-07-07,756161.0
2004-02-04,2011-07-07,755041.0
2004-02-11,2011-07-07,751883.0
2004-02-18,2011-07-07,759651.0
2004-02-25,2011-07-07,751555.0
2004-03-03,2011-07-07,755763.0
2004-03-10,2011-07-07,750845.0
2004-03-17,2011-07-07,761529.0
2004-03-24,2011-07-07,752393.0
2004-03-31,2011-07-07,761606.0
2004-04-07,2011-07-07,754960.0
2004-04-14,2011-07-07,764605.0
2004-04-21,2011-07-07,758849.0
2004-04-28,2011-07-07,773792.0
2004-05-05,2011-07-07,759711.0
2004-05-12,2011-07-07,765711.0
2004-05-19,2011-07-07,757791.0
2004-05-26,2011-07-07,772033.0
2004-06-02,2011-07-07,765042.0
2004-06-09,2011-07-07,773171.0
2004-06-16,2011-07-07,762834.0
2004-06-23,2011-07-07,776283.0
2004-06-30,2011-07-07,780624.0
2004-07-07,2011-07-07,779227.0
2004-07-14,2011-07-07,776618.0
2004-07-21,2011-07-07,777861.0
2004-07-28,2011-07-07,775026.0
2004-08-04,2011-07-07,773219.0
2004-08-11,2011-07-07,770418.0
2004-08-18,2011-07-07,768775.0
2004-08-25,2011-07-07,776634.0
2004-09-01,2011-07-07,786503.0
2004-09-08,2011-07-07,789849.0
2004-09-15,2011-07-07,790385.0
2004-09-22,2011-07-07,783391.0
2004-09-29,2011-07-07,787605.0
2004-10-06,2011-07-07,783093.0
2004-10-13,2011-07-07,796811.0
2004-10-20,2011-07-07,786279.0
2004-10-27,2011-07-07,792661.0
2004-11-03,2011-07-07,791903.0
2004-11-10,2011-07-07,801832.0
2004-11-17,2011-07-07,795509.0
2004-11-24,2011-07-07,811403.0
2004-12-01,2011-07-07,808553.0
2004-12-08,2011-07-07,810013.0
2004-12-15,2011-07-07,808558.0
2004-12-22,2011-07-07,812859.0
2004-12-29,2011-07-07,812478.0
2005-01-05,2011-07-07,817267.0
2005-01-12,2011-07-07,800032.0
2005-01-19,2011-07-07,808544.0
2005-01-26,2011-07-07,808862.0
2005-02-02,2011-07-07,806368.0
2005-02-09,2011-07-07,798942.0
2005-02-16,2011-07-07,797286.0
2005-02-23,2011-07-07,806272.0
2005-03-02,2011-07-07,802986.0
2005-03-09,2011-07-07,801005.0
2005-03-16,2011-07-07,808987.0
2005-03-23,2011-07-07,798889.0
2005-03-30,2011-07-07,809365.0
2005-04-06,2011-07-07,799170.0
2005-04-13,2011-07-07,807557.0
2005-04-20,2011-07-07,803641.0
2005-04-27,2011-07-07,811656.0
2005-05-04,2011-07-07,804262.0
2005-05-11,2011-07-07,810230.0
2005-05-18,2011-07-07,803428.0
2005-05-25,2011-07-07,812060.0
2005-06-01,2011-07-07,819268.0
2005-06-08,2011-07-07,816117.0
2005-06-15,2011-07-07,813159.0
2005-06-22,2011-07-07,812402.0
2005-06-29,2011-07-07,812064.0
2005-07-06,2011-07-07,823551.0
2005-07-13,2011-07-07,810870.0
2005-07-20,2011-07-07,818823.0
2005-07-27,2011-07-07,816294.0
2005-08-03,2011-07-07,820910.0
2005-08-10,2011-07-07,810638.0
2005-08-17,2011-07-07,815942.0
2005-08-24,2011-07-07,813527.0
2005-08-31,2011-07-07,825483.0
2005-09-07,2011-07-07,824766.0
2005-09-14,2011-07-07,825917.0
2005-09-21,2011-07-07,815266.0
2005-09-28,2011-07-07,826159.0
2005-10-05,2011-07-07,819564.0
2005-10-12,2011-07-07,828749.0
2005-10-19,2011-07-07,816745.0
2005-10-26,2011-07-07,821604.0
2005-11-02,2011-07-07,817102.0
2005-11-09,2011-07-07,827552.0
2005-11-16,2011-07-07,825885.0
2005-11-23,2011-07-07,835761.0
2005-11-30,2011-07-07,837752.0
2005-12-07,2011-07-07,835951.0
2005-12-14,2011-07-07,833661.0
2005-12-21,2011-07-07,851030.0
2005-12-28,2011-07-07,850414.0
2006-01-04,2011-07-07,854566.0
2006-01-11,2011-07-07,832075.0
2006-01-18,2011-07-07,838775.0
2006-01-25,2011-07-07,831659.0
2006-02-01,2011-07-07,834663.0
2006-02-08,2011-07-07,830497.0
2006-02-15,2011-07-07,838195.0
2006-02-22,2011-07-07,843536.0
2006-03-01,2011-07-07,842403.0
2006-03-08,2011-07-07,842319.0
2006-03-15,2011-07-07,846160.0
2006-03-22,2011-07-07,841165.0
2006-03-29,2011-07-07,836862.0
2006-04-05,2011-07-07,837768.0
2006-04-12,2011-07-07,840011.0
2006-04-19,2011-07-07,839471.0
2006-04-26,2011-07-07,847711.0
2006-05-03,2011-07-07,847014.0
2006-05-10,2011-07-07,841546.0
2006-05-17,2011-07-07,841368.0
2006-05-24,2011-07-07,843537.0
2006-05-31,2011-07-07,854883.0
2006-06-07,2011-07-07,852484.0
2006-06-14,2011-07-07,849301.0
2006-06-21,2011-07-07,848217.0
2006-06-28,2011-07-07,847898.0
2006-07-05,2011-07-07,855149.0
2006-07-12,2011-07-07,847886.0
2006-07-19,2011-07-07,853445.0
2006-07-26,2011-07-07,845101.0
2006-08-02,2011-07-07,853933.0
2006-08-09,2011-07-07,843682.0
2006-08-16,2011-07-07,846713.0
2006-08-23,2011-07-07,841837.0
2006-08-30,2011-07-07,854806.0
2006-09-06,2011-07-07,852512.0
2006-09-13,2011-07-07,844878.0
2006-09-20,2011-07-07,842191.0
2006-09-27,2011-07-07,853975.0
2006-10-04,2011-07-07,846300.0
2006-10-11,2011-07-07,863320.0
2006-10-18,2011-07-07,848178.0
2006-10-25,2011-07-07,856620.0
2006-11-01,2011-07-07,859548.0
2006-11-08,2011-07-07,862639.0
2006-11-15,2011-07-07,859562.0
2006-11-22,2011-07-07,869093.0
2006-11-29,2011-07-07,860652.0
2006-12-06,2011-07-07,866140.0
2006-12-13,2011-07-07,857804.0
2006-12-20,2011-07-07,868944.0
2006-12-27,2011-07-07,873894.0
2007-01-03,2011-07-07,878524.0
2007-01-10,2011-07-07,858689.0
2007-01-17,2011-07-07,863219.0
2007-01-24,2011-07-07,855585.0
2007-01-31,2011-07-07,869559.0
2007-02-07,2011-07-07,858868.0
2007-02-14,2011-07-07,871005.0
2007-02-21,2011-07-07,873056.0
2007-02-28,2011-07-07,881267.0
2007-03-07,2011-07-07,868376.0
2007-03-14,2011-07-07,879986.0
2007-03-21,2011-07-07,866952.0
2007-03-28,2011-07-07,873681.0
2007-04-04,2011-07-07,866185.0
2007-04-11,2011-07-07,869275.0
2007-04-18,2011-07-07,865129.0
2007-04-25,2011-07-07,883461.0
2007-05-02,2011-07-07,894615.0
2007-05-09,2011-07-07,878998.0
2007-05-16,2011-07-07,863326.0
2007-05-23,2011-07-07,877676.0
2007-05-30,2011-07-07,880715.0
2007-06-06,2011-07-07,876452.0
2007-06-13,2011-07-07,868749.0
2007-06-20,2011-07-07,869859.0
2007-06-27,2011-07-07,868875.0
2007-07-04,2011-07-07,880399.0
2007-07-11,2011-07-07,873198.0
2007-07-18,2011-07-07,876707.0
2007-07-25,2011-07-07,867680.0
2007-08-01,2011-07-07,874112.0
2007-08-08,2011-07-07,869309.0
2007-08-15,2011-07-07,868904.0
2007-08-22,2011-07-07,866753.0
2007-08-29,2011-07-07,876771.0
2007-09-05,2011-07-07,875052.0
2007-09-12,2011-07-07,890206.0
2007-09-19,2011-07-07,871586.0
2007-09-26,2011-07-07,893691.0
2007-10-03,2011-07-07,872766.0
2007-10-10,2011-07-07,890021.0
2007-10-17,2011-07-07,873124.0
2007-10-24,2011-07-07,884973.0
2007-10-31,2011-07-07,886929.0
2007-11-07,2011-07-07,889229.0
2007-11-14,2011-07-07,893020.0
2007-11-21,2011-07-07,894471.0
2007-11-28,2011-07-07,882848.0
2007-12-05,2011-07-07,886165.0
2007-12-12,2011-07-07,885097.0
2007-12-19,2011-07-07,891276.0
2007-12-26,2011-07-07,893758.0
2008-01-02,2011-07-07,925104.0
2008-01-09,2011-07-07,883497.0
2008-01-16,2011-07-07,896303.0
2008-01-23,2011-07-07,879912.0
2008-01-30,2011-07-07,902846.0
2008-02-06,2011-07-07,873554.0
2008-02-13,2011-07-07,885506.0
2008-02-20,2011-07-07,881532.0
2008-02-27,2011-07-07,896356.0
2008-03-05,2011-07-07,883702.0
2008-03-12,2011-07-07,898956.0
2008-03-19,2011-07-07,890747.0
2008-03-26,2011-07-07,895768.0
2008-04-02,2011-07-07,885403.0
2008-04-09,2011-07-07,894658.0
2008-04-16,2011-07-07,883486.0
2008-04-23,2011-07-07,887346.0
2008-04-30,2011-07-07,889693.0
2008-05-07,2011-07-07,890738.0
2008-05-14,2011-07-07,881594.0
2008-05-21,2011-07-07,900017.0
2008-05-28,2011-07-07,905552.0
2008-06-04,2011-07-07,897415.0
2008-06-11,2011-07-07,892064.0
2008-06-18,2011-07-07,903744.0
2008-06-25,2011-07-07,894137.0
2008-07-02,2011-07-07,904381.0
2008-07-09,2011-07-07,899438.0
2008-07-16,2011-07-07,912071.0
2008-07-23,2011-07-07,901044.0
2008-07-30,2011-07-07,919992.0
2008-08-06,2011-07-07,903127.0
2008-08-13,2011-07-07,916038.0
2008-08-20,2011-07-07,900113.0
2008-08-27,2011-07-07,911475.0
2008-09-03,2011-07-07,906738.0
2008-09-10,2011-07-07,927201.0
2008-09-17,2011-07-07,996525.0
2008-09-24,2011-07-07,1213323.0
2008-10-01,2011-07-07,1505516.0
2008-10-08,2011-07-07,1593099.0
2008-10-15,2011-07-07,1772431.0
2008-10-22,2011-07-07,1804208.0
2008-10-29,2011-07-07,1970680.0
2008-11-05,2011-07-07,2075822.0
2008-11-12,2011-07-07,2214455.0
2008-11-19,2011-07-07,2188686.0
2008-11-26,2011-07-07,2107651.0
2008-12-03,2011-07-07,2138458.0
2008-12-10,2011-07-07,2251534.0
2008-12-17,2011-07-07,2256487.0
2008-12-24,2011-07-07,2233801.0
2008-12-31,2011-07-07,2240946.0
2009-01-07,2011-07-07,2122919.0
2009-01-14,2011-07-07,2051185.0
2009-01-21,2011-07-07,2038587.0
2009-01-28,2011-07-07,1928549.0
2009-02-04,2011-07-07,1852901.0
2009-02-11,2011-07-07,1844857.0
2009-02-18,2011-07-07,1917036.0
2009-02-25,2011-07-07,1917581.0
2009-03-04,2011-07-07,1902798.0
2009-03-11,2011-07-07,1900986.0
2009-03-18,2011-07-07,2068620.0
2009-03-25,2011-07-07,2073227.0
2009-04-01,2011-07-07,2080415.0
2009-04-08,2011-07-07,2090006.0
2009-04-15,2011-07-07,2187957.0
2009-04-22,2011-07-07,2198269.0
2009-04-29,2011-07-07,2068149.0
2009-05-06,2011-07-07,2081257.0
2009-05-13,2011-07-07,2197835.0
2009-05-20,2011-07-07,2183161.0
2009-05-27,2011-07-07,2081659.0
2009-06-03,2011-07-07,2079241.0
2009-06-10,2011-07-07,2053821.0
2009-06-17,2011-07-07,2074239.0
2009-06-24,2011-07-07,2027327.0
2009-07-01,2011-07-07,2007404.0
2009-07-08,2011-07-07,1994588.0
2009-07-15,2011-07-07,2074822.0
2009-07-22,2011-07-07,2041481.0
2009-07-29,2011-07-07,2003053.0
2009-08-05,2011-07-07,1991734.0
2009-08-12,2011-07-07,2017632.0
2009-08-19,2011-07-07,2063789.0
2009-08-26,2011-07-07,2078153.0
2009-09-02,2011-07-07,2086777.0
2009-09-09,2011-07-07,2090989.0
2009-09-16,2011-07-07,2142903.0
2009-09-23,2011-07-07,2161763.0
2009-09-30,2011-07-07,2144157.0
2009-10-07,2011-07-07,2141215.0
2009-10-14,2011-07-07,2195962.0
2009-10-21,2011-07-07,2204268.0
2009-10-28,2011-07-07,2164673.0
2009-11-04,2011-07-07,2168210.0
2009-11-11,2011-07-07,2138173.0
2009-11-18,2011-07-07,2211939.0
2009-11-25,2011-07-07,2209567.0
2009-12-02,2011-07-07,2207286.0
2009-12-09,2011-07-07,2189586.0
2009-12-16,2011-07-07,2238968.0
2009-12-23,2011-07-07,2239003.0
2009-12-30,2011-07-07,2237258.0
2010-01-06,2011-07-07,2238499.0
2010-01-13,2011-07-07,2294942.0
2010-01-20,2011-07-07,2255093.0
2010-01-27,2011-07-07,2250164.0
2010-02-03,2011-07-07,2252595.0
2010-02-10,2011-07-07,2259949.0
2010-02-17,2011-07-07,2280952.0
2010-02-24,2011-07-07,2289504.0
2010-03-03,2011-07-07,2283522.0
2010-03-10,2011-07-07,2285843.0
2010-03-17,2011-07-07,2311379.0
2010-03-24,2011-07-07,2316525.0
2010-03-31,2011-07-07,2310533.0
2010-04-07,2011-07-07,2310953.0
2010-04-14,2011-07-07,2342737.0
2010-04-21,2011-07-07,2341015.0
2010-04-28,2011-07-07,2333922.0
2010-05-05,2011-07-07,2329614.0
2010-05-12,2011-07-07,2339547.0
2010-05-19,2011-07-07,2354364.0
2010-05-26,2011-07-07,2337507.0
2010-06-02,2011-07-07,2339678.0
2010-06-09,2011-07-07,2334985.0
2010-06-16,2011-07-07,2347763.0
2010-06-23,2011-07-07,2347938.0
2010-06-30,2011-07-07,2334296.0
2010-07-07,2011-07-07,2335457.0
2010-07-14,2011-07-07,2344145.0
2010-07-21,2011-07-07,2335740.0
2010-07-28,2011-07-07,2328705.0
2010-08-04,2011-07-07,2329885.0
2010-08-11,2011-07-07,2330932.0
2010-08-18,2011-07-07,2317069.0
2010-08-25,2011-07-07,2304376.0
2010-09-01,2011-07-07,2305341.0
2010-09-08,2011-07-07,2309094.0
2010-09-15,2011-07-07,2299348.0
2010-09-22,2011-07-07,2310407.0
2010-09-29,2011-07-07,2301873.0
2010-10-06,2011-07-07,2311231.0
2010-10-13,2011-07-07,2313019.0
2010-10-20,2011-07-07,2308326.0
2010-10-27,2011-07-07,2298434.0
2010-11-03,2011-07-07,2303395.0
2010-11-10,2011-07-07,2315758.0
2010-11-17,2011-07-07,2317716.0
2010-11-24,2011-07-07,2348788.0
2010-12-01,2011-07-07,2349696.0
2010-12-08,2011-07-07,2385084.0
2010-12-15,2011-07-07,2388550.0
2010-12-22,2011-07-07,2430772.0
2010-12-29,2011-07-07,2423457.0
2011-01-05,2011-07-07,2438972.0
2011-01-12,2011-07-07,2471159.0
2011-01-19,2011-07-07,2428268.0
2011-01-26,2011-07-07,2446760.0
2011-02-02,2011-07-07,2472662.0
2011-02-09,2011-07-07,2503981.0
2011-02-16,2011-07-07,2512708.0
2011-02-23,2011-07-07,2537175.0
2011-03-02,2011-07-07,2549115.0
2011-03-09,2011-07-07,2581140.0
2011-03-16,2011-07-07,2587115.0
2011-03-23,2011-07-07,2605406.0
2011-03-30,2011-07-07,2626589.0
2011-04-06,2011-07-07,2652812.0
2011-04-13,2011-07-07,2669583.0
2011-04-20,2011-07-07,2689952.0
2011-04-27,2011-07-07,2695144.0
2011-05-04,2011-07-07,2722961.0
2011-05-11,2011-07-07,2748675.0
2011-05-18,2011-07-07,2762182.0
2011-05-25,2011-07-07,2779103.0
2011-06-01,2011-07-07,2792815.0
2011-06-08,2011-07-07,2815280.0
2011-06-15,2011-07-07,2831545.0
2011-06-22,2011-07-07,2860362.0
2011-06-29,2011-07-07,2869167.0
2011-07-06,2011-07-07,2874049.0
2011-07-13,2011-07-14,2882004.0
2011-07-20,2011-07-21,2875211.0
2011-07-27,2011-07-28,2867416.0
2011-08-03,2011-08-04,2871041.0
2011-08-10,2011-08-11,2876236.0
2011-08-17,2011-08-18,2861695.0
2011-08-24,2011-08-25,2863155.0
2011-08-31,2011-09-01,2857394.0
2011-09-07,2011-09-08,2862144.0
2011-09-14,2011-09-15,2866975.0
2011-09-21,2011-09-22,2861148.0
2011-09-28,2011-09-29,2854233.0
2011-10-05,2011-10-06,2862832.0
2011-10-12,2011-10-13,2863770.0
2011-10-19,2011-10-20,2855177.0
2011-10-26,2011-10-27,2848375.0
2011-11-02,2011-11-03,2824683.0
2011-11-09,2011-11-10,2842417.0
2011-11-16,2011-11-17,2834186.0
2011-11-23,2011-11-25,2824537.0
2011-11-30,2011-12-01,2816773.0
2011-12-07,2011-12-08,2823207.0
2011-12-14,2011-12-15,2904959.0
2011-12-21,2011-12-22,2918506.0
2011-12-28,2011-12-29,2928485.0
2012-01-04,2012-01-05,2920069.0
2012-01-11,2012-01-12,2901503.0
2012-01-18,2012-01-19,2921751.0
2012-01-25,2012-01-26,2921869.0
2012-02-01,2012-02-02,2927251.0
2012-02-08,2012-02-09,2930570.0
2012-02-15,2012-02-16,2940244.0
2012-02-22,2012-02-23,2935149.0
2012-02-29,2012-03-01,2928042.0
2012-03-07,2012-03-08,2887054.0
2012-03-14,2012-03-15,2895849.0
2012-03-21,2012-03-22,2894991.0
2012-03-28,2012-03-29,2880463.0
2012-04-04,2012-04-05,2867800.0
2012-04-11,2012-04-12,2869519.0
2012-04-18,2012-04-19,2877835.0
2012-04-25,2012-04-26,2868889.0
2012-05-02,2012-05-03,2866606.0
2012-05-09,2012-05-10,2866466.0
2012-05-16,2012-05-17,2853300.0
2012-05-23,2012-05-24,2861804.0
2012-05-30,2012-05-31,2844940.0
2012-06-06,2012-06-07,2854286.0
2012-06-13,2012-06-14,2871328.0
2012-06-20,2012-06-21,2873039.0
2012-06-27,2012-06-28,2865698.0
2012-07-04,2012-07-05,2867985.0
2012-07-11,2012-07-12,2868387.0
2012-07-18,2012-07-19,2857874.0
2012-07-25,2012-07-26,2848800.0
2012-08-01,2012-08-02,2853097.0
2012-08-08,2012-08-09,2858156.0
2012-08-15,2012-08-16,2835249.0
2012-08-22,2012-08-23,2827577.0
2012-08-29,2012-08-30,2814638.0
2012-09-05,2012-09-06,2823988.0
2012-09-12,2012-09-13,2825214.0
2012-09-19,2012-09-20,2823348.0
2012-09-26,2012-09-27,2806187.0
2012-10-03,2012-10-04,2810196.0
2012-10-10,2012-10-11,2813306.0
2012-10-17,2012-10-18,2848582.0
2012-10-24,2012-10-25,2842615.0
2012-10-31,2012-11-01,2824750.0
2012-11-07,2012-11-08,2832408.0
2012-11-14,2012-11-15,2878843.0
2012-11-21,2012-11-23,2872736.0
2012-11-28,2012-11-29,2852897.0
2012-12-05,2012-12-06,2861340.0
2012-12-12,2012-12-13,2918788.0
2012-12-19,2012-12-20,2921776.0
2012-12-26,2012-12-27,2908859.0
2013-01-02,2013-01-03,2918753.0
2013-01-09,2013-01-10,2930325.0
2013-01-16,2013-01-17,2965412.0
2013-01-23,2013-01-24,3013333.0
2013-01-30,2013-01-31,3010370.0
2013-02-06,2013-02-07,3016651.0
2013-02-13,2013-02-14,3075901.0
2013-02-20,2013-02-21,3096802.0
2013-02-27,2013-02-28,3092268.0
2013-03-06,2013-03-07,3110443.0
2013-03-13,2013-03-14,3167073.0
2013-03-20,2013-03-21,3208553.0
2013-03-27,2013-03-28,3203926.0
2013-04-03,2013-04-04,3217072.0
2013-04-10,2013-04-11,3229413.0
2013-04-17,2013-04-18,3295109.0
2013-04-24,2013-04-25,3318649.0
2013-05-01,2013-05-02,3317194.0
2013-05-08,2013-05-09,3324615.0
2013-05-15,2013-05-16,3354269.0
2013-05-22,2013-05-23,3398713.0
2013-05-29,2013-05-30,3385128.0
2013-06-05,2013-06-06,3400183.0
2013-06-12,2013-06-13,3410842.0
2013-06-19,2013-06-20,3470530.0
2013-06-26,2013-06-27,3478672.0
2013-07-03,2013-07-05,3492742.0
2013-07-10,2013-07-11,3504095.0
2013-07-17,2013-07-18,3537861.0
2013-07-24,2013-07-25,3574574.0
2013-07-31,2013-08-01,3571797.0
2013-08-07,2013-08-08,3585359.0
2013-08-14,2013-08-15,3646323.0
2013-08-21,2013-08-22,3645668.0
2013-08-28,2013-08-29,3644456.0
2013-09-04,2013-09-05,3654182.0
2013-09-11,2013-09-12,3662035.0
2013-09-18,2013-09-19,3722192.0
2013-09-25,2013-09-26,3734018.0
2013-10-02,2013-10-03,3747387.0
2013-10-09,2013-10-10,3758663.0
2013-10-16,2013-10-17,3813599.0
2013-10-23,2013-10-24,3839033.0
2013-10-30,2013-10-31,3843396.0
2013-11-06,2013-11-07,3851623.0
2013-11-13,2013-11-14,3907424.0
2013-11-20,2013-11-21,3906620.0
2013-11-27,2013-11-29,3925876.0
2013-12-04,2013-12-05,3932626.0
2013-12-11,2013-12-12,3993955.0
2013-12-18,2013-12-19,4008062.0
2013-12-25,2013-12-26,4032575.0
2014-01-01,2014-01-02,4023640.0
2014-01-08,2014-01-09,4028185.0
2014-01-15,2014-01-16,4071528.0
2014-01-22,2014-01-23,4097914.0
2014-01-29,2014-01-30,4102138.0
2014-02-05,2014-02-06,4109285.0
2014-02-12,2014-02-13,4119474.0
2014-02-19,2014-02-20,4149224.0
2014-02-26,2014-02-27,4159972.0
2014-03-05,2014-03-06,4171762.0
2014-03-12,2014-03-13,4181361.0
2014-03-19,2014-03-20,4222081.0
2014-03-26,2014-03-27,4226971.0
2014-04-02,2014-04-03,4236441.0
2014-04-09,2014-04-10,4244188.0
2014-04-16,2014-04-17,4283967.0
2014-04-23,2014-04-24,4296339.0
2014-04-30,2014-05-01,4296049.0
2014-05-07,2014-05-08,4303143.0
2014-05-14,2014-05-15,4336649.0
2014-05-21,2014-05-22,4327560.0
2014-05-28,2014-05-29,4322654.0
2014-06-04,2014-06-05,4330917.0
2014-06-11,2014-06-12,4340904.0
2014-06-18,2014-06-19,4368168.0
2014-06-25,2014-06-26,4368348.0
2014-07-02,2014-07-03,4377031.0
2014-07-09,2014-07-10,4383401.0
2014-07-16,2014-07-17,4398201.0
2014-07-23,2014-07-24,4410746.0
2014-07-30,2014-07-31,4406637.0
2014-08-06,2014-08-07,4410111.0
2014-08-13,2014-08-14,4431923.0
2014-08-20,2014-08-21,4412924.0
2014-08-27,2014-08-28,4413736.0
2014-09-03,2014-09-04,4415587.0
2014-09-10,2014-09-11,4421408.0
2014-09-17,2014-09-18,4449588.0
2014-09-24,2014-09-25,4459050.0
2014-10-01,2014-10-02,4450260.0
2014-10-08,2014-10-09,4455403.0
2014-10-15,2014-10-16,4474360.0
2014-10-22,2014-10-23,4481616.0
2014-10-29,2014-10-30,4486754.0
2014-11-05,2014-11-06,4486585.0
2014-11-12,2014-11-13,4488895.0
2014-11-19,2014-11-20,4492759.0
2014-11-26,2014-11-28,4485931.0
2014-12-03,2014-12-04,4486190.0
2014-12-10,2014-12-11,4488865.0
2014-12-17,2014-12-18,4502247.0
2014-12-24,2014-12-29,4509462.0
2014-12-31,2015-01-02,4497660.0
2015-01-07,2015-01-08,4499524.0
2015-01-14,2015-01-15,4516077.0
2015-01-21,2015-01-22,4512936.0
2015-01-28,2015-01-29,4500064.0
2015-02-04,2015-02-05,4500348.0
2015-02-11,2015-02-12,4501685.0
2015-02-18,2015-02-19,4496851.0
2015-02-25,2015-02-26,4486725.0
2015-03-04,2015-03-05,4487583.0
2015-03-11,2015-03-12,4489279.0
2015-03-18,2015-03-19,4495888.0
2015-03-25,2015-03-26,4480603.0
2015-04-01,2015-04-02,4481799.0
2015-04-08,2015-04-09,4483419.0
2015-04-15,2015-04-16,4485366.0
2015-04-22,2015-04-23,4489695.0
2015-04-29,2015-04-30,4471499.0
2015-05-06,2015-05-07,4472703.0
2015-05-13,2015-05-14,4501188.0
2015-05-20,2015-05-21,4480384.0
2015-05-27,2015-05-28,4463981.0
2015-06-03,2015-06-04,4465360.0
2015-06-10,2015-06-11,4468005.0
2015-06-17,2015-06-18,4487817.0
2015-06-24,2015-06-25,4495055.0
2015-07-01,2015-07-02,4479130.0
2015-07-08,2015-07-09,4481289.0
2015-07-15,2015-07-16,4493605.0
2015-07-22,2015-07-23,4500503.0
2015-07-29,2015-07-30,4485480.0
2015-08-05,2015-08-06,4486329.0
2015-08-12,2015-08-13,4489250.0
2015-08-19,2015-08-20,4487208.0
2015-08-26,2015-08-27,4475105.0
2015-09-02,2015-09-03,4475886.0
2015-09-09,2015-09-10,4478213.0
2015-09-16,2015-09-17,4487809.0
2015-09-23,2015-09-24,4497484.0
2015-09-30,2015-10-01,4484111.0
2015-10-07,2015-10-08,4486185.0
2015-10-14,2015-10-15,4504704.0
2015-10-21,2015-10-22,4501372.0
2015-10-28,2015-10-29,4489339.0
2015-11-04,2015-11-05,4489702.0
2015-11-11,2015-11-12,4492012.0
2015-11-18,2015-11-19,4486721.0
2015-11-25,2015-11-27,4477088.0
2015-12-02,2015-12-03,4478069.0
2015-12-09,2015-12-10,4480436.0
2015-12-16,2015-12-17,4489593.0
2015-12-23,2015-12-24,4496523.0
2015-12-30,2015-12-31,4486587.0
2016-01-06,2016-01-07,4486606.0
2016-01-13,2016-01-14,4501695.0
2016-01-20,2016-01-21,4488840.0
2016-01-27,2016-01-28,4482349.0
2016-02-03,2016-02-04,4483495.0
2016-02-10,2016-02-11,4486278.0
2016-02-17,2016-02-18,4483629.0
2016-02-24,2016-02-25,4489796.0
2016-03-02,2016-03-03,4478485.0
2016-03-09,2016-03-10,4481083.0
2016-03-16,2016-03-17,4486333.0
2016-03-23,2016-03-24,4492857.0
2016-03-30,2016-03-31,4482840.0
2016-04-06,2016-04-07,4484069.0
2016-04-13,2016-04-14,4499729.0
2016-04-20,2016-04-21,4490131.0
2016-04-27,2016-04-28,4474665.0
2016-05-04,2016-05-05,4477270.0
2016-05-11,2016-05-12,4478411.0
2016-05-18,2016-05-19,4473741.0
2016-05-25,2016-05-26,4461111.0
2016-06-01,2016-06-02,4461393.0
2016-06-08,2016-06-09,4463542.0
2016-06-15,2016-06-16,4472817.0
2016-06-22,2016-06-23,4482009.0
2016-06-29,2016-06-30,4466482.0
2016-07-06,2016-07-07,4470605.0
2016-07-13,2016-07-14,4472202.0
2016-07-20,2016-07-21,4480973.0
2016-07-27,2016-07-28,4464498.0
2016-08-03,2016-08-04,4466793.0
2016-08-10,2016-08-11,4468929.0
2016-08-17,2016-08-18,4466476.0
2016-08-24,2016-08-25,4473840.0
2016-08-31,2016-09-01,4457907.0
2016-09-07,2016-09-08,4459394.0
2016-09-14,2016-09-15,4481635.0
2016-09-21,2016-09-22,4473032.0
2016-09-28,2016-09-29,4452002.0
2016-10-05,2016-10-06,4459407.0
2016-10-12,2016-10-13,4457698.0
2016-10-19,2016-10-20,4467382.0
2016-10-26,2016-10-27,4454326.0
2016-11-02,2016-11-03,4453087.0
2016-11-09,2016-11-10,4455087.0
2016-11-16,2016-11-17,4453633.0
2016-11-23,2016-11-25,4465782.0
2016-11-30,2016-12-01,4446307.0
2016-12-07,2016-12-08,4448618.0
2016-12-14,2016-12-15,4470973.0
2016-12-21,2016-12-22,4469089.0
2016-12-28,2016-12-29,4451451.0
2017-01-04,2017-01-05,4453101.0
2017-01-11,2017-01-12,4452509.0
2017-01-18,2017-01-19,4460758.0
2017-01-25,2017-01-26,4452838.0
2017-02-01,2017-02-02,4453881.0
2017-02-08,2017-02-09,4456236.0
2017-02-15,2017-02-16,4454676.0
2017-02-22,2017-02-23,4468702.0
2017-03-01,2017-03-02,4458018.0
2017-03-08,2017-03-09,4459840.0
2017-03-15,2017-03-16,4469577.0
2017-03-22,2017-03-23,4478236.0
2017-03-29,2017-03-30,4469618.0
2017-04-05,2017-04-06,4474634.0
2017-04-12,2017-04-13,4484492.0
2017-04-19,2017-04-20,4479270.0
2017-04-26,2017-04-27,4470142.0
2017-05-03,2017-05-04,4471246.0
2017-05-10,2017-05-11,4473459.0
2017-05-17,2017-05-18,4467108.0
2017-05-24,2017-05-25,4470852.0
2017-05-31,2017-06-01,4459914.0
2017-06-07,2017-06-08,4462443.0
2017-06-14,2017-06-15,4476269.0
2017-06-21,2017-06-22,4474257.0
2017-06-28,2017-06-29,4463347.0
2017-07-05,2017-07-06,4467272.0
2017-07-12,2017-07-13,4466702.0
2017-07-19,2017-07-20,4476903.0
2017-07-26,2017-07-27,4465284.0
2017-08-02,2017-08-03,4466846.0
2017-08-09,2017-08-10,4469083.0
2017-08-16,2017-08-17,4462871.0
2017-08-23,2017-08-24,4463837.0
2017-08-30,2017-08-31,4452360.0
2017-09-06,2017-09-07,4453474.0
2017-09-13,2017-09-14,4471174.0
2017-09-20,2017-09-21,4458576.0
2017-09-27,2017-09-28,4455661.0
2017-10-04,2017-10-05,4460422.0
2017-10-11,2017-10-12,4459415.0
2017-10-18,2017-10-19,4469723.0
2017-10-25,2017-10-26,4461117.0
2017-11-01,2017-11-02,4455887.0
2017-11-08,2017-11-09,4458552.0
2017-11-15,2017-11-16,4448289.0
2017-11-22,2017-11-24,4450615.0
2017-11-29,2017-11-30,4438592.0
2017-12-06,2017-12-07,4437148.0
2017-12-13,2017-12-14,4452726.0
2017-12-20,2017-12-21,4447470.0
2017-12-27,2017-12-28,4448680.0
2018-01-03,2018-01-11,4443718.0
2018-01-10,2018-01-18,4446062.0
2018-01-17,2018-01-18,4439145.0
2018-01-24,2018-01-25,4441317.0
2018-01-31,2018-02-01,4419225.0
2018-02-07,2018-02-08,4420745.0
2018-02-14,2018-02-15,4434863.0
2018-02-21,2018-02-22,4411660.0
2018-02-28,2018-03-01,4393401.0
2018-03-07,2018-03-08,4396097.0
2018-03-14,2018-03-15,4407258.0
2018-03-21,2018-03-22,4401222.0
2018-03-28,2018-03-29,4392198.0
2018-04-04,2018-04-05,4386104.0
2018-04-11,2018-04-12,4383684.0
2018-04-18,2018-04-19,4385903.0
2018-04-25,2018-04-26,4372886.0
2018-05-02,2018-05-03,4356129.0
2018-05-09,2018-05-10,4358207.0
2018-05-16,2018-05-17,4337609.0
2018-05-23,2018-05-24,4337301.0
2018-05-30,2018-05-31,4327519.0
2018-06-06,2018-06-07,4319191.0
2018-06-13,2018-06-14,4324906.0
2018-06-20,2018-06-21,4315896.0
2018-06-27,2018-06-28,4305491.0
2018-07-04,2018-07-05,4289764.0
2018-07-11,2018-07-12,4291201.0
2018-07-18,2018-07-19,4291615.0
2018-07-25,2018-07-26,4277681.0
2018-08-01,2018-08-02,4255653.0
2018-08-08,2018-08-09,4258030.0
2018-08-15,2018-08-16,4228924.0
2018-08-22,2018-08-23,4228818.0
2018-08-29,2018-08-30,4218914.0
2018-09-05,2018-09-06,4208496.0
2018-09-12,2018-09-13,4210812.0
2018-09-19,2018-09-20,4208059.0
2018-09-26,2018-09-27,4192909.0
2018-10-03,2018-10-04,4174704.0
2018-10-10,2018-10-11,4176906.0
2018-10-17,2018-10-18,4175446.0
2018-10-24,2018-10-25,4173070.0
2018-10-31,2018-11-01,4139731.0
2018-11-07,2018-11-08,4141936.0
2018-11-14,2018-11-15,4145892.0
2018-11-21,2018-11-23,4106198.0
2018-11-28,2018-11-29,4097170.0
2018-12-05,2018-12-06,4086044.0
2018-12-12,2018-12-13,4088314.0
2018-12-19,2018-12-20,4084274.0
2018-12-26,2018-12-27,4075636.0
2019-01-02,2019-01-03,4058378.0
2019-01-09,2019-01-10,4056563.0
2019-01-16,2019-01-17,4050044.0
2019-01-23,2019-01-24,4047052.0
2019-01-30,2019-01-31,4039678.0
2019-02-06,2019-02-07,4026350.0
2019-02-13,2019-02-14,4028431.0
2019-02-20,2019-02-21,3981420.0
2019-02-27,2019-02-28,3974590.0
2019-03-06,2019-03-07,3969134.0
2019-03-13,2019-03-14,3971559.0
2019-03-20,2019-03-21,3962748.0
2019-03-27,2019-03-28,3955617.0
2019-04-03,2019-04-04,3935509.0
2019-04-10,2019-04-11,3936784.0
2019-04-17,2019-04-18,3931827.0
2019-04-24,2019-04-25,3928273.0
2019-05-01,2019-05-02,3889691.0
2019-05-08,2019-05-09,3892216.0
2019-05-15,2019-05-16,3864749.0
2019-05-22,2019-05-23,3860435.0
2019-05-29,2019-05-30,3851444.0
2019-06-05,2019-06-06,3847645.0
2019-06-12,2019-06-13,3849955.0
2019-06-19,2019-06-20,3844016.0
2019-06-26,2019-06-27,3826817.0
2019-07-03,2019-07-05,3813198.0
2019-07-10,2019-07-11,3815038.0
2019-07-17,2019-07-18,3808110.0
2019-07-24,2019-07-25,3803436.0
2019-07-31,2019-08-01,3779102.0
2019-08-07,2019-08-08,3781543.0
2019-08-14,2019-08-15,3786018.0
2019-08-21,2019-08-22,3764866.0
2019-08-28,2019-08-29,3759946.0
2019-09-04,2019-09-05,3761508.0
2019-09-11,2019-09-12,3769673.0
2019-09-18,2019-09-19,3844695.0
2019-09-25,2019-09-26,3857715.0
2019-10-02,2019-10-03,3945831.0
2019-10-09,2019-10-10,3949955.0
2019-10-16,2019-10-17,3966471.0
2019-10-23,2019-10-24,3968700.0
2019-10-30,2019-10-31,4019823.0
2019-11-06,2019-11-07,4039443.0
2019-11-13,2019-11-14,4047882.0
2019-11-20,2019-11-21,4030249.0
2019-11-27,2019-11-29,4052875.0
2019-12-04,2019-12-05,4065696.0
2019-12-11,2019-12-12,4095491.0
2019-12-18,2019-12-19,4137052.0
2019-12-25,2019-12-26,4165591.0
2020-01-01,2020-01-02,4173626.0
2020-01-08,2020-01-09,4149544.0
2020-01-15,2020-01-16,4175850.0
2020-01-22,2020-01-23,4145912.0
2020-01-29,2020-01-30,4151630.0
2020-02-05,2020-02-06,4166707.0
2020-02-12,2020-02-13,4182689.0
2020-02-19,2020-02-20,4171570.0
2020-02-26,2020-02-27,4158637.0
2020-03-04,2020-03-05,4241507.0
2020-03-11,2020-03-12,4311911.0
2020-03-18,2020-03-19,4668212.0
2020-03-25,2020-03-26,5254278.0
2020-04-01,2020-04-02,5811607.0
2020-04-08,2020-04-09,6083141.0
2020-04-15,2020-04-16,6367887.0
2020-04-22,2020-04-23,6573136.0
2020-04-29,2020-04-30,6655929.0
2020-05-06,2020-05-07,6721420.0
2020-05-13,2020-05-14,6934227.0
2020-05-20,2020-05-21,7037258.0
2020-05-27,2020-05-28,7097316.0
2020-06-03,2020-06-04,7165217.0
2020-06-10,2020-06-11,7168936.0
2020-06-17,2020-06-18,7094690.0
2020-06-24,2020-06-25,7082302.0
2020-07-01,2020-07-02,7009040.0
2020-07-08,2020-07-09,6920716.0
2020-07-15,2020-07-16,6958604.0
2020-07-22,2020-07-23,6964755.0
2020-07-29,2020-07-30,6949032.0
2020-08-05,2020-08-06,6945237.0
2020-08-12,2020-08-13,6957277.0
2020-08-19,2020-08-20,7010637.0
2020-08-26,2020-08-27,6990418.0
2020-09-02,2020-09-03,7017492.0
2020-09-09,2020-09-10,7010614.0
2020-09-16,2020-09-17,7064475.0
2020-09-23,2020-09-24,7093161.0
2020-09-30,2020-10-01,7056129.0
2020-10-07,2020-10-08,7074649.0
2020-10-14,2020-10-15,7151426.0
2020-10-21,2020-10-22,7177265.0
2020-10-28,2020-10-29,7146306.0
2020-11-04,2020-11-05,7157479.0
2020-11-11,2020-11-12,7175417.0
2020-11-18,2020-11-19,7243080.0
2020-11-25,2020-11-27,7216480.0
2020-12-02,2020-12-03,7222414.0
2020-12-09,2020-12-10,7242658.0
2020-12-16,2020-12-17,7362592.0
2020-12-23,2020-12-28,7404039.0
2020-12-30,2020-12-31,7363351.0
2021-01-06,2021-01-07,7334809.0
2021-01-13,2021-01-14,7333968.0
2021-01-20,2021-01-21,7414942.0
2021-01-27,2021-01-28,7404926.0
2021-02-03,2021-02-04,7410598.0
2021-02-10,2021-02-11,7442225.0
2021-02-17,2021-02-18,7557402.0
2021-02-24,2021-02-25,7590111.0
2021-03-03,2021-03-04,7557524.0
2021-03-10,2021-03-11,7579901.0
2021-03-17,2021-03-18,7693506.0
2021-03-24,2021-03-25,7719622.0
2021-03-31,2021-04-01,7688988.0
2021-04-07,2021-04-08,7708882.0
2021-04-14,2021-04-15,7793104.0
2021-04-21,2021-04-22,7820948.0
2021-04-28,2021-04-29,7780962.0
2021-05-05,2021-05-06,7810486.0
2021-05-12,2021-05-13,7830663.0
2021-05-19,2021-05-20,7922883.0
2021-05-26,2021-05-27,7903541.0
2021-06-02,2021-06-03,7935703.0
2021-06-09,2021-06-10,7952327.0
2021-06-16,2021-06-17,8064257.0
2021-06-23,2021-06-24,8101945.0
2021-06-30,2021-07-01,8078544.0
2021-07-07,2021-07-08,8097773.0
2021-07-14,2021-07-15,8201651.0
2021-07-21,2021-07-22,8240530.0
2021-07-28,2021-07-29,8221473.0
2021-08-04,2021-08-05,8235073.0
2021-08-11,2021-08-12,8257159.0
2021-08-18,2021-08-19,8342598.0
2021-08-25,2021-08-26,8332743.0
2021-09-01,2021-09-02,8349173.0
2021-09-08,2021-09-09,8357314.0
2021-09-15,2021-09-16,8448770.0
2021-09-22,2021-09-23,8489824.0
2021-09-29,2021-09-30,8447981.0
2021-10-06,2021-10-07,8464032.0
2021-10-13,2021-10-14,8480942.0
2021-10-20,2021-10-21,8564943.0
2021-10-27,2021-10-28,8556181.0
2021-11-03,2021-11-04,8574871.0
2021-11-10,2021-11-12,8663117.0
2021-11-17,2021-11-18,8674970.0
2021-11-24,2021-11-26,8681771.0
2021-12-01,2021-12-02,8650402.0
2021-12-08,2021-12-09,8664524.0
2021-12-15,2021-12-16,8756666.0
2021-12-22,2021-12-23,8790495.0
2021-12-29,2021-12-30,8757460.0
2022-01-05,2022-01-06,8765721.0
2022-01-12,2022-01-13,8788278.0
2022-01-19,2022-01-20,8867834.0
2022-01-26,2022-01-27,8860485.0
2022-02-02,2022-02-03,8873211.0
2022-02-09,2022-02-10,8878009.0
2022-02-16,2022-02-17,8911033.0
2022-02-23,2022-02-24,8928129.0
2022-03-02,2022-03-03,8904455.0
2022-03-09,2022-03-10,8910748.0
2022-03-16,2022-03-17,8954306.0
2022-03-23,2022-03-24,8962474.0
2022-03-30,2022-03-31,8937142.0
2022-04-06,2022-04-07,8937592.0
2022-04-13,2022-04-14,8965487.0
2022-04-20,2022-04-21,8955851.0
2022-04-27,2022-04-28,8939199.0
2022-05-04,2022-05-05,8939972.0
2022-05-11,2022-05-12,8942008.0
2022-05-18,2022-05-19,8945898.0
2022-05-25,2022-05-26,8914281.0
2022-06-01,2022-06-02,8915050.0
2022-06-08,2022-06-09,8918254.0
2022-06-15,2022-06-16,8932420.0
2022-06-22,2022-06-23,8934346.0
2022-06-29,2022-06-30,8913553.0
2022-07-06,2022-07-07,8891851.0
2022-07-13,2022-07-14,8895867.0
2022-07-20,2022-07-21,8899213.0
2022-07-27,2022-07-28,8890004.0
2022-08-03,2022-08-04,8874620.0
2022-08-10,2022-08-11,8879138.0
2022-08-17,2022-08-18,8849762.0
2022-08-24,2022-08-25,8851436.0
2022-08-31,2022-09-01,8826093.0
2022-09-07,2022-09-08,8822401.0
2022-09-14,2022-09-15,8832759.0
2022-09-21,2022-09-22,8816802.0
2022-09-28,2022-09-29,8795567.0
2022-10-05,2022-10-06,8759053.0
2022-10-12,2022-10-13,8758969.0
2022-10-19,2022-10-20,8743922.0
2022-10-26,2022-10-27,8723090.0
2022-11-02,2022-11-03,8676870.0
2022-11-09,2022-11-10,8678886.0
2022-11-16,2022-11-17,8625620.0
2022-11-23,2022-11-25,8621390.0
2022-11-30,2022-12-01,8584576.0
2022-12-07,2022-12-08,8582735.0
2022-12-14,2022-12-15,8583413.0
2022-12-21,2022-12-22,8564411.0
2022-12-28,2022-12-29,8551169.0
2023-01-04,2023-01-05,8507429.0
2023-01-11,2023-01-12,8508587.0
2023-01-18,2023-01-19,8489039.0
2023-01-25,2023-01-26,8470557.0
2023-02-01,2023-02-02,8433610.0
2023-02-08,2023-02-09,8435369.0
2023-02-15,2023-02-16,8384767.0
2023-02-22,2023-02-23,8382190.0
2023-03-01,2023-03-02,8339684.0
2023-03-08,2023-03-09,8342283.0
2023-03-15,2023-03-16,8639300.0
2023-03-22,2023-03-23,8733787.0
2023-03-29,2023-03-30,8705942.0
2023-04-05,2023-04-06,8632384.0
2023-04-12,2023-04-13,8614797.0
2023-04-19,2023-04-20,8593263.0
2023-04-26,2023-04-27,8562768.0
2023-05-03,2023-05-04,8503994.0
2023-05-10,2023-05-11,8503017.0
2023-05-17,2023-05-18,8456760.0
2023-05-24,2023-05-25,8436255.0
2023-05-31,2023-06-01,8385854.0
2023-06-07,2023-06-08,8389325.0
2023-06-14,2023-06-15,8388323.0
2023-06-21,2023-06-22,8362060.0
2023-06-28,2023-06-29,8340914.0
2023-07-05,2023-07-06,8298312.0
2023-07-12,2023-07-13,8296923.0
2023-07-19,2023-07-20,8274552.0
2023-07-26,2023-07-27,8243344.0
2023-08-02,2023-08-03,8206764.0
2023-08-09,2023-08-10,8208241.0
2023-08-16,2023-08-17,8145727.0
2023-08-23,2023-08-24,8139066.0
2023-08-30,2023-08-31,8121316.0
2023-09-06,2023-09-07,8101318.0
2023-09-13,2023-09-14,8098779.0
2023-09-20,2023-09-21,8024090.0
2023-09-27,2023-09-28,8002064.0
2023-10-04,2023-10-05,7955782.0
2023-10-11,2023-10-12,7952054.0
2023-10-18,2023-10-19,7933162.0
2023-10-25,2023-10-26,7907830.0
2023-11-01,2023-11-02,7866664.0
2023-11-08,2023-11-09,7860691.0
2023-11-15,2023-11-16,7814991.0
2023-11-22,2023-11-24,7810814.0
2023-11-29,2023-11-30,7796145.0
2023-12-06,2023-12-07,7737385.0
2023-12-13,2023-12-14,7739566.0
2023-12-20,2023-12-21,7724063.0
2023-12-27,2023-12-28,7712781.0
2024-01-03,2024-01-04,7681024.0
2024-01-10,2024-01-11,7686710.0
2024-01-17,2024-01-18,7673741.0
2024-01-24,2024-01-25,7677230.0
2024-01-31,2024-02-01,7630124.0
2024-02-07,2024-02-08,7631300.0
2024-02-14,2024-02-15,7633874.0
2024-02-21,2024-02-22,7581683.0
2024-02-28,2024-02-29,7567807.0
2024-03-06,2024-03-07,7538857.0
2024-03-13,2024-03-14,7541969.0
2024-03-20,2024-03-21,7514348.0
2024-03-27,2024-03-28,7484739.0
2024-04-03,2024-04-04,7439558.0
2024-04-10,2024-04-11,7438176.0
2024-04-17,2024-04-18,7405506.0
2024-04-24,2024-04-25,7402434.0
2024-05-01,2024-05-02,7362474.0
2024-05-08,2024-05-09,7353408.0
2024-05-15,2024-05-16,7304272.0
2024-05-22,2024-05-23,7299566.0
2024-05-29,2024-05-30,7284319.0
2024-06-05,2024-06-06,7255687.0
2024-06-12,2024-06-13,7258974.0
2024-06-19,2024-06-20,7252542.0
2024-06-26,2024-06-27,7231163.0
2024-07-03,2024-07-05,7221520.0
2024-07-10,2024-07-11,7224079.0
2024-07-17,2024-07-18,7208247.0
2024-07-24,2024-07-25,7205455.0
2024-07-31,2024-08-01,7178391.0
2024-08-07,2024-08-08,7175256.0
2024-08-14,2024-08-15,7177688.0
2024-08-21,2024-08-22,7139952.0
2024-08-28,2024-08-29,7123238.0
2024-09-04,2024-09-05,7112567.0
2024-09-11,2024-09-12,7115001.0
2024-09-18,2024-09-19,7109137.0
2024-09-25,2024-09-26,7080059.0
2024-10-02,2024-10-03,7046925.0
2024-10-09,2024-10-10,7046840.0
2024-10-16,2024-10-17,7039284.0
2024-10-23,2024-10-24,7029408.0
2024-10-30,2024-10-31,7013490.0
2024-11-06,2024-11-07,6994299.0
2024-11-13,2024-11-14,6967108.0
2024-11-20,2024-11-21,6923731.0
2024-11-27,2024-11-29,6905140.0
2024-12-04,2024-12-05,6895827.0
2024-12-11,2024-12-12,6897485.0
2024-12-18,2024-12-19,6889332.0
2024-12-25,2024-12-26,6885963.0
2025-01-01,2025-01-02,6852491.0
2025-01-08,2025-01-10,6853554.0
2025-01-15,2025-01-16,6834070.0
2025-01-22,2025-01-23,6831760.0
2025-01-29,2025-01-30,6818186.0
2025-02-05,2025-02-06,6810935.0
2025-02-12,2025-02-13,6813513.0
2025-02-19,2025-02-20,6782332.0
2025-02-26,2025-02-27,6766101.0
2025-03-05,2025-03-06,6756764.0
2025-03-12,2025-03-13,6759571.0
2025-03-19,2025-03-20,6755982.0
2025-03-26,2025-03-27,6740253.0
2025-04-02,2025-04-03,6723452.0
2025-04-09,2025-04-10,6727416.0
2025-04-16,2025-04-17,6727113.0
2025-04-23,2025-04-24,6726930.0
2025-04-30,2025-05-01,6709277.0
2025-05-07,2025-05-08,6710889.0
2025-05-14,2025-05-15,6713270.0
2025-05-21,2025-05-22,6688726.0
2025-05-28,2025-05-29,6673244.0
2025-06-04,2025-06-05,6672885.0
2025-06-11,2025-06-12,6677155.0
2025-06-18,2025-06-20,6681056.0
2025-06-25,2025-06-26,6662200.0
2025-07-02,2025-07-03,6659598.0
2025-07-09,2025-07-10,6661912.0
2025-07-16,2025-07-17,6659273.0
2025-07-23,2025-07-24,6657715.0
2025-07-30,2025-07-31,6642578.0
2025-08-06,2025-08-07,6640843.0
2025-08-13,2025-08-14,6643615.0
2025-08-20,2025-08-21,6618415.0
2025-08-27,2025-08-28,6603384.0
2025-09-03,2025-09-04,6602071.0
2025-09-10,2025-09-11,6605962.0
2025-09-17,2025-09-18,6608597.0
2025-09-24,2025-09-25,6608395.0
2025-10-01,2025-10-02,6587119.0
2025-10-08,2025-10-09,6590815.0
2025-10-15,2025-10-16,6596454.0
2025-10-22,2025-10-23,6589533.0
2025-10-29,2025-10-30,6587034.0
2025-11-05,2025-11-06,6572732.0
2025-11-12,2025-11-13,6580462.0
2025-11-19,2025-11-20,6555283.0
2025-11-26,2025-11-28,6552419.0
2025-12-03,2025-12-04,6535781.0
2025-12-10,2025-12-11,6539303.0
2025-12-17,2025-12-18,6556861.0
2025-12-24,2025-12-26,6581231.0
2025-12-31,2026-01-02,6640618.0
2026-01-07,2026-01-08,6573602.0
2026-01-14,2026-01-15,6581700.0
2026-01-21,2026-01-22,6584580.0
2026-01-28,2026-01-29,6587568.0
2026-02-04,2026-02-05,6605909.0
2026-02-11,2026-02-12,6622382.0
2026-02-18,2026-02-19,6613395.0
2026-02-25,2026-02-26,6613797.0
2026-03-04,2026-03-05,6628894.0
2026-03-11,2026-03-12,6646344.0
2026-03-18,2026-03-19,6655939.0
2026-03-25,2026-03-26,6657161.0
2026-04-01,2026-04-02,6675344.0
2026-04-08,2026-04-09,6693871.0
2026-04-15,2026-04-16,6705696.0
2026-04-22,2026-04-23,6707419.0
2026-04-29,2026-04-30,6699950.0
2026-05-06,2026-05-07,6709505.0
2026-05-13,2026-05-14,6728502.0
2026-05-20,2026-05-21,6713643.0
2026-05-27,2026-05-28,6704383.0
2026-06-03,2026-06-04,6711495.0
2026-06-10,2026-06-11,6725397.0
2026-06-17,2026-06-18,6736424.0
2026-06-24,2026-06-25,6735645.0
2026-07-01,2026-07-02,6724564.0
2026-07-08,2026-07-09,6735609.0
2026-07-15,2026-07-16,6743028.0
2026-07-22,2026-07-23,6747378.0
2026-07-29,2026-07-30,6738190.0
2026-08-05,2026-08-06,6748567.0
2026-08-12,2026-08-13,6759955.0
2026-08-19,2026-08-20,6745699.0
2026-08-26,2026-08-27,6730912.0
