observation_date,available_date,nfci
1990-01-05,2011-05-25,-0.17
1990-01-12,2011-05-25,-0.16
1990-01-19,2011-05-25,-0.16
1990-01-26,2011-05-25,-0.11
1990-02-02,2011-05-25,-0.11
1990-02-09,2011-05-25,-0.16
1990-02-16,2011-05-25,-0.18
1990-02-23,2011-05-25,-0.19
1990-03-02,2011-05-25,-0.16
1990-03-09,2011-05-25,-0.2
1990-03-16,2011-05-25,-0.18
1990-03-23,2011-05-25,-0.16
1990-03-30,2011-05-25,0.01
1990-04-06,2011-05-25,-0.08
1990-04-13,2011-05-25,-0.12
1990-04-20,2011-05-25,-0.13
1990-04-27,2011-05-25,-0.1
1990-05-04,2011-05-25,-0.12
1990-05-11,2011-05-25,-0.21
1990-05-18,2011-05-25,-0.26
1990-05-25,2011-05-25,-0.28
1990-06-01,2011-05-25,-0.26
1990-06-08,2011-05-25,-0.33
1990-06-15,2011-05-25,-0.33
1990-06-22,2011-05-25,-0.31
1990-06-29,2011-05-25,-0.13
1990-07-06,2011-05-25,-0.3
1990-07-13,2011-05-25,-0.34
1990-07-20,2011-05-25,-0.35
1990-07-27,2011-05-25,-0.31
1990-08-03,2011-05-25,-0.24
1990-08-10,2011-05-25,-0.22
1990-08-17,2011-05-25,-0.2
1990-08-24,2011-05-25,-0.12
1990-08-31,2011-05-25,-0.04
1990-09-07,2011-05-25,-0.06
1990-09-14,2011-05-25,-0.02
1990-09-21,2011-05-25,0.05
1990-09-28,2011-05-25,0.2
1990-10-05,2011-05-25,0.32
1990-10-12,2011-05-25,0.21
1990-10-19,2011-05-25,0.19
1990-10-26,2011-05-25,0.17
1990-11-02,2011-05-25,0.17
1990-11-09,2011-05-25,0.09
1990-11-16,2011-05-25,0.04
1990-11-23,2011-05-25,0.04
1990-11-30,2011-05-25,0.14
1990-12-07,2011-05-25,0.08
1990-12-14,2011-05-25,0.09
1990-12-21,2011-05-25,0.18
1990-12-28,2011-05-25,0.36
1991-01-04,2011-05-25,0.26
1991-01-11,2011-05-25,0.25
1991-01-18,2011-05-25,0.23
1991-01-25,2011-05-25,0.09
1991-02-01,2011-05-25,0.0
1991-02-08,2011-05-25,-0.16
1991-02-15,2011-05-25,-0.23
1991-02-22,2011-05-25,-0.25
1991-03-01,2011-05-25,-0.22
1991-03-08,2011-05-25,-0.3
1991-03-15,2011-05-25,-0.34
1991-03-22,2011-05-25,-0.36
1991-03-29,2011-05-25,-0.28
1991-04-05,2011-05-25,-0.41
1991-04-12,2011-05-25,-0.45
1991-04-19,2011-05-25,-0.48
1991-04-26,2011-05-25,-0.46
1991-05-03,2011-05-25,-0.43
1991-05-10,2011-05-25,-0.49
1991-05-17,2011-05-25,-0.49
1991-05-24,2011-05-25,-0.48
1991-05-31,2011-05-25,-0.42
1991-06-07,2011-05-25,-0.44
1991-06-14,2011-05-25,-0.42
1991-06-21,2011-05-25,-0.4
1991-06-28,2011-05-25,-0.3
1991-07-05,2011-05-25,-0.41
1991-07-12,2011-05-25,-0.47
1991-07-19,2011-05-25,-0.55
1991-07-26,2011-05-25,-0.59
1991-08-02,2011-05-25,-0.59
1991-08-09,2011-05-25,-0.68
1991-08-16,2011-05-25,-0.7
1991-08-23,2011-05-25,-0.69
1991-08-30,2011-05-25,-0.64
1991-09-06,2011-05-25,-0.68
1991-09-13,2011-05-25,-0.7
1991-09-20,2011-05-25,-0.7
1991-09-27,2011-05-25,-0.65
1991-10-04,2011-05-25,-0.56
1991-10-11,2011-05-25,-0.69
1991-10-18,2011-05-25,-0.71
1991-10-25,2011-05-25,-0.69
1991-11-01,2011-05-25,-0.67
1991-11-08,2011-05-25,-0.74
1991-11-15,2011-05-25,-0.75
1991-11-22,2011-05-25,-0.72
1991-11-29,2011-05-25,-0.66
1991-12-06,2011-05-25,-0.7
1991-12-13,2011-05-25,-0.73
1991-12-20,2011-05-25,-0.7
1991-12-27,2011-05-25,-0.61
1992-01-03,2011-05-25,-0.69
1992-01-10,2011-05-25,-0.75
1992-01-17,2011-05-25,-0.73
1992-01-24,2011-05-25,-0.72
1992-01-31,2011-05-25,-0.73
1992-02-07,2011-05-25,-0.75
1992-02-14,2011-05-25,-0.78
1992-02-21,2011-05-25,-0.76
1992-02-28,2011-05-25,-0.75
1992-03-06,2011-05-25,-0.76
1992-03-13,2011-05-25,-0.75
1992-03-20,2011-05-25,-0.72
1992-03-27,2011-05-25,-0.7
1992-04-03,2011-05-25,-0.64
1992-04-10,2011-05-25,-0.72
1992-04-17,2011-05-25,-0.76
1992-04-24,2011-05-25,-0.8
1992-05-01,2011-05-25,-0.84
1992-05-08,2011-05-25,-0.88
1992-05-15,2011-05-25,-0.93
1992-05-22,2011-05-25,-0.95
1992-05-29,2011-05-25,-0.94
1992-06-05,2011-05-25,-0.93
1992-06-12,2011-05-25,-0.94
1992-06-19,2011-05-25,-0.94
1992-06-26,2011-05-25,-0.94
1992-07-03,2011-05-25,-0.85
1992-07-10,2011-05-25,-0.95
1992-07-17,2011-05-25,-0.98
1992-07-24,2011-05-25,-0.99
1992-07-31,2011-05-25,-0.98
1992-08-07,2011-05-25,-0.97
1992-08-14,2011-05-25,-0.97
1992-08-21,2011-05-25,-0.95
1992-08-28,2011-05-25,-0.92
1992-09-04,2011-05-25,-0.89
1992-09-11,2011-05-25,-0.89
1992-09-18,2011-05-25,-0.84
1992-09-25,2011-05-25,-0.77
1992-10-02,2011-05-25,-0.65
1992-10-09,2011-05-25,-0.65
1992-10-16,2011-05-25,-0.61
1992-10-23,2011-05-25,-0.6
1992-10-30,2011-05-25,-0.59
1992-11-06,2011-05-25,-0.62
1992-11-13,2011-05-25,-0.66
1992-11-20,2011-05-25,-0.68
1992-11-27,2011-05-25,-0.71
1992-12-04,2011-05-25,-0.75
1992-12-11,2011-05-25,-0.83
1992-12-18,2011-05-25,-0.86
1992-12-25,2011-05-25,-0.88
1993-01-01,2011-05-25,-0.82
1993-01-08,2011-05-25,-0.91
1993-01-15,2011-05-25,-0.95
1993-01-22,2011-05-25,-0.97
1993-01-29,2011-05-25,-0.97
1993-02-05,2011-05-25,-0.99
1993-02-12,2011-05-25,-1.0
1993-02-19,2011-05-25,-0.97
1993-02-26,2011-05-25,-0.97
1993-03-05,2011-05-25,-0.95
1993-03-12,2011-05-25,-0.94
1993-03-19,2011-05-25,-0.93
1993-03-26,2011-05-25,-0.89
1993-04-02,2011-05-25,-0.93
1993-04-09,2011-05-25,-0.97
1993-04-16,2011-05-25,-0.99
1993-04-23,2011-05-25,-0.99
1993-04-30,2011-05-25,-1.03
1993-05-07,2011-05-25,-1.02
1993-05-14,2011-05-25,-1.02
1993-05-21,2011-05-25,-1.01
1993-05-28,2011-05-25,-1.01
1993-06-04,2011-05-25,-1.01
1993-06-11,2011-05-25,-1.03
1993-06-18,2011-05-25,-1.05
1993-06-25,2011-05-25,-1.04
1993-07-02,2011-05-25,-1.08
1993-07-09,2011-05-25,-1.11
1993-07-16,2011-05-25,-1.13
1993-07-23,2011-05-25,-1.15
1993-07-30,2011-05-25,-1.16
1993-08-06,2011-05-25,-1.15
1993-08-13,2011-05-25,-1.16
1993-08-20,2011-05-25,-1.15
1993-08-27,2011-05-25,-1.15
1993-09-03,2011-05-25,-1.13
1993-09-10,2011-05-25,-1.12
1993-09-17,2011-05-25,-1.1
1993-09-24,2011-05-25,-1.08
1993-10-01,2011-05-25,-1.06
1993-10-08,2011-05-25,-1.05
1993-10-15,2011-05-25,-1.06
1993-10-22,2011-05-25,-1.05
1993-10-29,2011-05-25,-1.05
1993-11-05,2011-05-25,-1.0
1993-11-12,2011-05-25,-1.0
1993-11-19,2011-05-25,-0.99
1993-11-26,2011-05-25,-1.03
1993-12-03,2011-05-25,-1.01
1993-12-10,2011-05-25,-1.03
1993-12-17,2011-05-25,-1.05
1993-12-24,2011-05-25,-1.08
1993-12-31,2011-05-25,-1.05
1994-01-07,2011-05-25,-1.05
1994-01-14,2011-05-25,-1.07
1994-01-21,2011-05-25,-1.07
1994-01-28,2011-05-25,-1.11
1994-02-04,2011-05-25,-1.05
1994-02-11,2011-05-25,-1.0
1994-02-18,2011-05-25,-0.98
1994-02-25,2011-05-25,-0.98
1994-03-04,2011-05-25,-0.89
1994-03-11,2011-05-25,-0.85
1994-03-18,2011-05-25,-0.83
1994-03-25,2011-05-25,-0.86
1994-04-01,2011-05-25,-0.77
1994-04-08,2011-05-25,-0.73
1994-04-15,2011-05-25,-0.73
1994-04-22,2011-05-25,-0.73
1994-04-29,2011-05-25,-0.78
1994-05-06,2011-05-25,-0.74
1994-05-13,2011-05-25,-0.71
1994-05-20,2011-05-25,-0.74
1994-05-27,2011-05-25,-0.79
1994-06-03,2011-05-25,-0.75
1994-06-10,2011-05-25,-0.76
1994-06-17,2011-05-25,-0.76
1994-06-24,2011-05-25,-0.76
1994-07-01,2011-05-25,-0.71
1994-07-08,2011-05-25,-0.71
1994-07-15,2011-05-25,-0.73
1994-07-22,2011-05-25,-0.78
1994-07-29,2011-05-25,-0.82
1994-08-05,2011-05-25,-0.82
1994-08-12,2011-05-25,-0.82
1994-08-19,2011-05-25,-0.85
1994-08-26,2011-05-25,-0.86
1994-09-02,2011-05-25,-0.84
1994-09-09,2011-05-25,-0.83
1994-09-16,2011-05-25,-0.8
1994-09-23,2011-05-25,-0.77
1994-09-30,2011-05-25,-0.76
1994-10-07,2011-05-25,-0.66
1994-10-14,2011-05-25,-0.62
1994-10-21,2011-05-25,-0.61
1994-10-28,2011-05-25,-0.6
1994-11-04,2011-05-25,-0.59
1994-11-11,2011-05-25,-0.56
1994-11-18,2011-05-25,-0.54
1994-11-25,2011-05-25,-0.52
1994-12-02,2011-05-25,-0.49
1994-12-09,2011-05-25,-0.45
1994-12-16,2011-05-25,-0.43
1994-12-23,2011-05-25,-0.42
1994-12-30,2011-05-25,-0.46
1995-01-06,2011-05-25,-0.42
1995-01-13,2011-05-25,-0.48
1995-01-20,2011-05-25,-0.53
1995-01-27,2011-05-25,-0.57
1995-02-03,2011-05-25,-0.59
1995-02-10,2011-05-25,-0.63
1995-02-17,2011-05-25,-0.64
1995-02-24,2011-05-25,-0.66
1995-03-03,2011-05-25,-0.63
1995-03-10,2011-05-25,-0.64
1995-03-17,2011-05-25,-0.68
1995-03-24,2011-05-25,-0.7
1995-03-31,2011-05-25,-0.71
1995-04-07,2011-05-25,-0.7
1995-04-14,2011-05-25,-0.71
1995-04-21,2011-05-25,-0.72
1995-04-28,2011-05-25,-0.73
1995-05-05,2011-05-25,-0.72
1995-05-12,2011-05-25,-0.77
1995-05-19,2011-05-25,-0.78
1995-05-26,2011-05-25,-0.79
1995-06-02,2011-05-25,-0.74
1995-06-09,2011-05-25,-0.76
1995-06-16,2011-05-25,-0.73
1995-06-23,2011-05-25,-0.71
1995-06-30,2011-05-25,-0.7
1995-07-07,2011-05-25,-0.68
1995-07-14,2011-05-25,-0.73
1995-07-21,2011-05-25,-0.74
1995-07-28,2011-05-25,-0.73
1995-08-04,2011-05-25,-0.74
1995-08-11,2011-05-25,-0.76
1995-08-18,2011-05-25,-0.76
1995-08-25,2011-05-25,-0.77
1995-09-01,2011-05-25,-0.76
1995-09-08,2011-05-25,-0.76
1995-09-15,2011-05-25,-0.77
1995-09-22,2011-05-25,-0.75
1995-09-29,2011-05-25,-0.73
1995-10-06,2011-05-25,-0.71
1995-10-13,2011-05-25,-0.73
1995-10-20,2011-05-25,-0.74
1995-10-27,2011-05-25,-0.73
1995-11-03,2011-05-25,-0.77
1995-11-10,2011-05-25,-0.82
1995-11-17,2011-05-25,-0.84
1995-11-24,2011-05-25,-0.85
1995-12-01,2011-05-25,-0.86
1995-12-08,2011-05-25,-0.85
1995-12-15,2011-05-25,-0.81
1995-12-22,2011-05-25,-0.75
1995-12-29,2011-05-25,-0.68
1996-01-05,2011-05-25,-0.73
1996-01-12,2011-05-25,-0.76
1996-01-19,2011-05-25,-0.78
1996-01-26,2011-05-25,-0.83
1996-02-02,2011-05-25,-0.86
1996-02-09,2011-05-25,-0.86
1996-02-16,2011-05-25,-0.86
1996-02-23,2011-05-25,-0.84
1996-03-01,2011-05-25,-0.81
1996-03-08,2011-05-25,-0.78
1996-03-15,2011-05-25,-0.73
1996-03-22,2011-05-25,-0.72
1996-03-29,2011-05-25,-0.71
1996-04-05,2011-05-25,-0.68
1996-04-12,2011-05-25,-0.65
1996-04-19,2011-05-25,-0.64
1996-04-26,2011-05-25,-0.67
1996-05-03,2011-05-25,-0.68
1996-05-10,2011-05-25,-0.67
1996-05-17,2011-05-25,-0.69
1996-05-24,2011-05-25,-0.73
1996-05-31,2011-05-25,-0.75
1996-06-07,2011-05-25,-0.73
1996-06-14,2011-05-25,-0.73
1996-06-21,2011-05-25,-0.72
1996-06-28,2011-05-25,-0.72
1996-07-05,2011-05-25,-0.66
1996-07-12,2011-05-25,-0.66
1996-07-19,2011-05-25,-0.65
1996-07-26,2011-05-25,-0.66
1996-08-02,2011-05-25,-0.67
1996-08-09,2011-05-25,-0.7
1996-08-16,2011-05-25,-0.72
1996-08-23,2011-05-25,-0.73
1996-08-30,2011-05-25,-0.72
1996-09-06,2011-05-25,-0.7
1996-09-13,2011-05-25,-0.71
1996-09-20,2011-05-25,-0.7
1996-09-27,2011-05-25,-0.69
1996-10-04,2011-05-25,-0.7
1996-10-11,2011-05-25,-0.71
1996-10-18,2011-05-25,-0.73
1996-10-25,2011-05-25,-0.75
1996-11-01,2011-05-25,-0.77
1996-11-08,2011-05-25,-0.78
1996-11-15,2011-05-25,-0.79
1996-11-22,2011-05-25,-0.78
1996-11-29,2011-05-25,-0.77
1996-12-06,2011-05-25,-0.71
1996-12-13,2011-05-25,-0.68
1996-12-20,2011-05-25,-0.65
1996-12-27,2011-05-25,-0.66
1997-01-03,2011-05-25,-0.63
1997-01-10,2011-05-25,-0.64
1997-01-17,2011-05-25,-0.66
1997-01-24,2011-05-25,-0.68
1997-01-31,2011-05-25,-0.68
1997-02-07,2011-05-25,-0.68
1997-02-14,2011-05-25,-0.71
1997-02-21,2011-05-25,-0.72
1997-02-28,2011-05-25,-0.73
1997-03-07,2011-05-25,-0.72
1997-03-14,2011-05-25,-0.73
1997-03-21,2011-05-25,-0.71
1997-03-28,2011-05-25,-0.71
1997-04-04,2011-05-25,-0.67
1997-04-11,2011-05-25,-0.66
1997-04-18,2011-05-25,-0.64
1997-04-25,2011-05-25,-0.63
1997-05-02,2011-05-25,-0.61
1997-05-09,2011-05-25,-0.62
1997-05-16,2011-05-25,-0.62
1997-05-23,2011-05-25,-0.64
1997-05-30,2011-05-25,-0.64
1997-06-06,2011-05-25,-0.64
1997-06-13,2011-05-25,-0.65
1997-06-20,2011-05-25,-0.66
1997-06-27,2011-05-25,-0.69
1997-07-04,2011-05-25,-0.68
1997-07-11,2011-05-25,-0.68
1997-07-18,2011-05-25,-0.69
1997-07-25,2011-05-25,-0.7
1997-08-01,2011-05-25,-0.72
1997-08-08,2011-05-25,-0.7
1997-08-15,2011-05-25,-0.67
1997-08-22,2011-05-25,-0.67
1997-08-29,2011-05-25,-0.66
1997-09-05,2011-05-25,-0.63
1997-09-12,2011-05-25,-0.62
1997-09-19,2011-05-25,-0.62
1997-09-26,2011-05-25,-0.64
1997-10-03,2011-05-25,-0.69
1997-10-10,2011-05-25,-0.63
1997-10-17,2011-05-25,-0.6
1997-10-24,2011-05-25,-0.57
1997-10-31,2011-05-25,-0.53
1997-11-07,2011-05-25,-0.5
1997-11-14,2011-05-25,-0.48
1997-11-21,2011-05-25,-0.5
1997-11-28,2011-05-25,-0.54
1997-12-05,2011-05-25,-0.54
1997-12-12,2011-05-25,-0.54
1997-12-19,2011-05-25,-0.53
1997-12-26,2011-05-25,-0.56
1998-01-02,2011-05-25,-0.58
1998-01-09,2011-05-25,-0.54
1998-01-16,2011-05-25,-0.58
1998-01-23,2011-05-25,-0.6
1998-01-30,2011-05-25,-0.64
1998-02-06,2011-05-25,-0.64
1998-02-13,2011-05-25,-0.66
1998-02-20,2011-05-25,-0.67
1998-02-27,2011-05-25,-0.73
1998-03-06,2011-05-25,-0.7
1998-03-13,2011-05-25,-0.69
1998-03-20,2011-05-25,-0.7
1998-03-27,2011-05-25,-0.73
1998-04-03,2011-05-25,-0.69
1998-04-10,2011-05-25,-0.67
1998-04-17,2011-05-25,-0.65
1998-04-24,2011-05-25,-0.65
1998-05-01,2011-05-25,-0.65
1998-05-08,2011-05-25,-0.62
1998-05-15,2011-05-25,-0.63
1998-05-22,2011-05-25,-0.64
1998-05-29,2011-05-25,-0.65
1998-06-05,2011-05-25,-0.6
1998-06-12,2011-05-25,-0.6
1998-06-19,2011-05-25,-0.59
1998-06-26,2011-05-25,-0.63
1998-07-03,2011-05-25,-0.59
1998-07-10,2011-05-25,-0.59
1998-07-17,2011-05-25,-0.6
1998-07-24,2011-05-25,-0.6
1998-07-31,2011-05-25,-0.62
1998-08-07,2011-05-25,-0.53
1998-08-14,2011-05-25,-0.47
1998-08-21,2011-05-25,-0.4
1998-08-28,2011-05-25,-0.35
1998-09-04,2011-05-25,-0.21
1998-09-11,2011-05-25,-0.14
1998-09-18,2011-05-25,-0.08
1998-09-25,2011-05-25,-0.04
1998-10-02,2011-05-25,0.06
1998-10-09,2011-05-25,0.19
1998-10-16,2011-05-25,0.22
1998-10-23,2011-05-25,0.15
1998-10-30,2011-05-25,-0.01
1998-11-06,2011-05-25,0.0
1998-11-13,2011-05-25,-0.01
1998-11-20,2011-05-25,-0.09
1998-11-27,2011-05-25,-0.24
1998-12-04,2011-05-25,-0.15
1998-12-11,2011-05-25,-0.13
1998-12-18,2011-05-25,-0.14
1998-12-25,2011-05-25,-0.22
1999-01-01,2011-05-25,-0.29
1999-01-08,2011-05-25,-0.24
1999-01-15,2011-05-25,-0.25
1999-01-22,2011-05-25,-0.28
1999-01-29,2011-05-25,-0.38
1999-02-05,2011-05-25,-0.34
1999-02-12,2011-05-25,-0.36
1999-02-19,2011-05-25,-0.38
1999-02-26,2011-05-25,-0.47
1999-03-05,2011-05-25,-0.44
1999-03-12,2011-05-25,-0.43
1999-03-19,2011-05-25,-0.43
1999-03-26,2011-05-25,-0.45
1999-04-02,2011-05-25,-0.45
1999-04-09,2011-05-25,-0.44
1999-04-16,2011-05-25,-0.45
1999-04-23,2011-05-25,-0.47
1999-04-30,2011-05-25,-0.55
1999-05-07,2011-05-25,-0.5
1999-05-14,2011-05-25,-0.48
1999-05-21,2011-05-25,-0.46
1999-05-28,2011-05-25,-0.47
1999-06-04,2011-05-25,-0.4
1999-06-11,2011-05-25,-0.37
1999-06-18,2011-05-25,-0.36
1999-06-25,2011-05-25,-0.37
1999-07-02,2011-05-25,-0.34
1999-07-09,2011-05-25,-0.31
1999-07-16,2011-05-25,-0.28
1999-07-23,2011-05-25,-0.25
1999-07-30,2011-05-25,-0.26
1999-08-06,2011-05-25,-0.17
1999-08-13,2011-05-25,-0.15
1999-08-20,2011-05-25,-0.17
1999-08-27,2011-05-25,-0.23
1999-09-03,2011-05-25,-0.18
1999-09-10,2011-05-25,-0.16
1999-09-17,2011-05-25,-0.16
1999-09-24,2011-05-25,-0.17
1999-10-01,2011-05-25,-0.17
1999-10-08,2011-05-25,-0.06
1999-10-15,2011-05-25,-0.05
1999-10-22,2011-05-25,-0.08
1999-10-29,2011-05-25,-0.13
1999-11-05,2011-05-25,-0.15
1999-11-12,2011-05-25,-0.21
1999-11-19,2011-05-25,-0.26
1999-11-26,2011-05-25,-0.29
1999-12-03,2011-05-25,-0.24
1999-12-10,2011-05-25,-0.22
1999-12-17,2011-05-25,-0.21
1999-12-24,2011-05-25,-0.2
1999-12-31,2011-05-25,-0.17
2000-01-07,2011-05-25,-0.22
2000-01-14,2011-05-25,-0.26
2000-01-21,2011-05-25,-0.29
2000-01-28,2011-05-25,-0.29
2000-02-04,2011-05-25,-0.27
2000-02-11,2011-05-25,-0.27
2000-02-18,2011-05-25,-0.27
2000-02-25,2011-05-25,-0.26
2000-03-03,2011-05-25,-0.26
2000-03-10,2011-05-25,-0.27
2000-03-17,2011-05-25,-0.26
2000-03-24,2011-05-25,-0.25
2000-03-31,2011-05-25,-0.15
2000-04-07,2011-05-25,-0.14
2000-04-14,2011-05-25,-0.13
2000-04-21,2011-05-25,-0.13
2000-04-28,2011-05-25,-0.12
2000-05-05,2011-05-25,-0.09
2000-05-12,2011-05-25,-0.08
2000-05-19,2011-05-25,-0.08
2000-05-26,2011-05-25,-0.05
2000-06-02,2011-05-25,-0.02
2000-06-09,2011-05-25,-0.04
2000-06-16,2011-05-25,-0.03
2000-06-23,2011-05-25,-0.04
2000-06-30,2011-05-25,0.02
2000-07-07,2011-05-25,-0.08
2000-07-14,2011-05-25,-0.14
2000-07-21,2011-05-25,-0.19
2000-07-28,2011-05-25,-0.2
2000-08-04,2011-05-25,-0.24
2000-08-11,2011-05-25,-0.28
2000-08-18,2011-05-25,-0.29
2000-08-25,2011-05-25,-0.27
2000-09-01,2011-05-25,-0.27
2000-09-08,2011-05-25,-0.27
2000-09-15,2011-05-25,-0.26
2000-09-22,2011-05-25,-0.24
2000-09-29,2011-05-25,-0.12
2000-10-06,2011-05-25,-0.23
2000-10-13,2011-05-25,-0.2
2000-10-20,2011-05-25,-0.2
2000-10-27,2011-05-25,-0.22
2000-11-03,2011-05-25,-0.25
2000-11-10,2011-05-25,-0.27
2000-11-17,2011-05-25,-0.26
2000-11-24,2011-05-25,-0.21
2000-12-01,2011-05-25,-0.16
2000-12-08,2011-05-25,-0.1
2000-12-15,2011-05-25,-0.05
2000-12-22,2011-05-25,0.03
2000-12-29,2011-05-25,0.12
2001-01-05,2011-05-25,-0.06
2001-01-12,2011-05-25,-0.13
2001-01-19,2011-05-25,-0.2
2001-01-26,2011-05-25,-0.22
2001-02-02,2011-05-25,-0.26
2001-02-09,2011-05-25,-0.3
2001-02-16,2011-05-25,-0.32
2001-02-23,2011-05-25,-0.28
2001-03-02,2011-05-25,-0.29
2001-03-09,2011-05-25,-0.29
2001-03-16,2011-05-25,-0.24
2001-03-23,2011-05-25,-0.2
2001-03-30,2011-05-25,-0.1
2001-04-06,2011-05-25,-0.19
2001-04-13,2011-05-25,-0.23
2001-04-20,2011-05-25,-0.27
2001-04-27,2011-05-25,-0.3
2001-05-04,2011-05-25,-0.38
2001-05-11,2011-05-25,-0.42
2001-05-18,2011-05-25,-0.42
2001-05-25,2011-05-25,-0.43
2001-06-01,2011-05-25,-0.48
2001-06-08,2011-05-25,-0.47
2001-06-15,2011-05-25,-0.45
2001-06-22,2011-05-25,-0.43
2001-06-29,2011-05-25,-0.31
2001-07-06,2011-05-25,-0.47
2001-07-13,2011-05-25,-0.48
2001-07-20,2011-05-25,-0.49
2001-07-27,2011-05-25,-0.53
2001-08-03,2011-05-25,-0.58
2001-08-10,2011-05-25,-0.57
2001-08-17,2011-05-25,-0.55
2001-08-24,2011-05-25,-0.51
2001-08-31,2011-05-25,-0.5
2001-09-07,2011-05-25,-0.4
2001-09-14,2011-05-25,-0.26
2001-09-21,2011-05-25,-0.18
2001-09-28,2011-05-25,-0.2
2001-10-05,2011-05-25,-0.08
2001-10-12,2011-05-25,-0.25
2001-10-19,2011-05-25,-0.3
2001-10-26,2011-05-25,-0.35
2001-11-02,2011-05-25,-0.43
2001-11-09,2011-05-25,-0.4
2001-11-16,2011-05-25,-0.42
2001-11-23,2011-05-25,-0.39
2001-11-30,2011-05-25,-0.41
2001-12-07,2011-05-25,-0.32
2001-12-14,2011-05-25,-0.31
2001-12-21,2011-05-25,-0.27
2001-12-28,2011-05-25,-0.21
2002-01-04,2011-05-25,-0.31
2002-01-11,2011-05-25,-0.39
2002-01-18,2011-05-25,-0.44
2002-01-25,2011-05-25,-0.47
2002-02-01,2011-05-25,-0.53
2002-02-08,2011-05-25,-0.47
2002-02-15,2011-05-25,-0.48
2002-02-22,2011-05-25,-0.47
2002-03-01,2011-05-25,-0.52
2002-03-08,2011-05-25,-0.49
2002-03-15,2011-05-25,-0.49
2002-03-22,2011-05-25,-0.49
2002-03-29,2011-05-25,-0.42
2002-04-05,2011-05-25,-0.53
2002-04-12,2011-05-25,-0.55
2002-04-19,2011-05-25,-0.59
2002-04-26,2011-05-25,-0.61
2002-05-03,2011-05-25,-0.66
2002-05-10,2011-05-25,-0.67
2002-05-17,2011-05-25,-0.69
2002-05-24,2011-05-25,-0.68
2002-05-31,2011-05-25,-0.7
2002-06-07,2011-05-25,-0.64
2002-06-14,2011-05-25,-0.6
2002-06-21,2011-05-25,-0.56
2002-06-28,2011-05-25,-0.47
2002-07-05,2011-05-25,-0.5
2002-07-12,2011-05-25,-0.46
2002-07-19,2011-05-25,-0.44
2002-07-26,2011-05-25,-0.39
2002-08-02,2011-05-25,-0.41
2002-08-09,2011-05-25,-0.37
2002-08-16,2011-05-25,-0.4
2002-08-23,2011-05-25,-0.38
2002-08-30,2011-05-25,-0.41
2002-09-06,2011-05-25,-0.37
2002-09-13,2011-05-25,-0.36
2002-09-20,2011-05-25,-0.33
2002-09-27,2011-05-25,-0.31
2002-10-04,2011-05-25,-0.29
2002-10-11,2011-05-25,-0.3
2002-10-18,2011-05-25,-0.33
2002-10-25,2011-05-25,-0.34
2002-11-01,2011-05-25,-0.41
2002-11-08,2011-05-25,-0.39
2002-11-15,2011-05-25,-0.44
2002-11-22,2011-05-25,-0.45
2002-11-29,2011-05-25,-0.49
2002-12-06,2011-05-25,-0.43
2002-12-13,2011-05-25,-0.43
2002-12-20,2011-05-25,-0.41
2002-12-27,2011-05-25,-0.36
2003-01-03,2011-05-25,-0.39
2003-01-10,2011-05-25,-0.43
2003-01-17,2011-05-25,-0.46
2003-01-24,2011-05-25,-0.46
2003-01-31,2011-05-25,-0.49
2003-02-07,2011-05-25,-0.46
2003-02-14,2011-05-25,-0.47
2003-02-21,2011-05-25,-0.47
2003-02-28,2011-05-25,-0.51
2003-03-07,2011-05-25,-0.5
2003-03-14,2011-05-25,-0.51
2003-03-21,2011-05-25,-0.52
2003-03-28,2011-05-25,-0.51
2003-04-04,2011-05-25,-0.6
2003-04-11,2011-05-25,-0.64
2003-04-18,2011-05-25,-0.69
2003-04-25,2011-05-25,-0.72
2003-05-02,2011-05-25,-0.76
2003-05-09,2011-05-25,-0.77
2003-05-16,2011-05-25,-0.78
2003-05-23,2011-05-25,-0.77
2003-05-30,2011-05-25,-0.8
2003-06-06,2011-05-25,-0.76
2003-06-13,2011-05-25,-0.75
2003-06-20,2011-05-25,-0.74
2003-06-27,2011-05-25,-0.7
2003-07-04,2011-05-25,-0.73
2003-07-11,2011-05-25,-0.73
2003-07-18,2011-05-25,-0.73
2003-07-25,2011-05-25,-0.72
2003-08-01,2011-05-25,-0.71
2003-08-08,2011-05-25,-0.65
2003-08-15,2011-05-25,-0.63
2003-08-22,2011-05-25,-0.62
2003-08-29,2011-05-25,-0.67
2003-09-05,2011-05-25,-0.62
2003-09-12,2011-05-25,-0.63
2003-09-19,2011-05-25,-0.65
2003-09-26,2011-05-25,-0.66
2003-10-03,2011-05-25,-0.68
2003-10-10,2011-05-25,-0.65
2003-10-17,2011-05-25,-0.67
2003-10-24,2011-05-25,-0.68
2003-10-31,2011-05-25,-0.76
2003-11-07,2011-05-25,-0.69
2003-11-14,2011-05-25,-0.7
2003-11-21,2011-05-25,-0.71
2003-11-28,2011-05-25,-0.8
2003-12-05,2011-05-25,-0.73
2003-12-12,2011-05-25,-0.72
2003-12-19,2011-05-25,-0.72
2003-12-26,2011-05-25,-0.73
2004-01-02,2011-05-25,-0.78
2004-01-09,2011-05-25,-0.74
2004-01-16,2011-05-25,-0.77
2004-01-23,2011-05-25,-0.78
2004-01-30,2011-05-25,-0.87
2004-02-06,2011-05-25,-0.8
2004-02-13,2011-05-25,-0.83
2004-02-20,2011-05-25,-0.83
2004-02-27,2011-05-25,-0.9
2004-03-05,2011-05-25,-0.85
2004-03-12,2011-05-25,-0.83
2004-03-19,2011-05-25,-0.83
2004-03-26,2011-05-25,-0.84
2004-04-02,2011-05-25,-0.92
2004-04-09,2011-05-25,-0.81
2004-04-16,2011-05-25,-0.8
2004-04-23,2011-05-25,-0.78
2004-04-30,2011-05-25,-0.84
2004-05-07,2011-05-25,-0.74
2004-05-14,2011-05-25,-0.73
2004-05-21,2011-05-25,-0.72
2004-05-28,2011-05-25,-0.8
2004-06-04,2011-05-25,-0.75
2004-06-11,2011-05-25,-0.75
2004-06-18,2011-05-25,-0.74
2004-06-25,2011-05-25,-0.76
2004-07-02,2011-05-25,-0.82
2004-07-09,2011-05-25,-0.73
2004-07-16,2011-05-25,-0.72
2004-07-23,2011-05-25,-0.73
2004-07-30,2011-05-25,-0.79
2004-08-06,2011-05-25,-0.71
2004-08-13,2011-05-25,-0.71
2004-08-20,2011-05-25,-0.72
2004-08-27,2011-05-25,-0.79
2004-09-03,2011-05-25,-0.73
2004-09-10,2011-05-25,-0.73
2004-09-17,2011-05-25,-0.74
2004-09-24,2011-05-25,-0.76
2004-10-01,2011-05-25,-0.85
2004-10-08,2011-05-25,-0.74
2004-10-15,2011-05-25,-0.74
2004-10-22,2011-05-25,-0.75
2004-10-29,2011-05-25,-0.79
2004-11-05,2011-05-25,-0.75
2004-11-12,2011-05-25,-0.77
2004-11-19,2011-05-25,-0.77
2004-11-26,2011-05-25,-0.8
2004-12-03,2011-05-25,-0.78
2004-12-10,2011-05-25,-0.78
2004-12-17,2011-05-25,-0.78
2004-12-24,2011-05-25,-0.79
2004-12-31,2011-05-25,-0.84
2005-01-07,2011-05-25,-0.77
2005-01-14,2011-05-25,-0.8
2005-01-21,2011-05-25,-0.8
2005-01-28,2011-05-25,-0.82
2005-02-04,2011-05-25,-0.83
2005-02-11,2011-05-25,-0.83
2005-02-18,2011-05-25,-0.84
2005-02-25,2011-05-25,-0.87
2005-03-04,2011-05-25,-0.85
2005-03-11,2011-05-25,-0.84
2005-03-18,2011-05-25,-0.83
2005-03-25,2011-05-25,-0.89
2005-04-01,2011-05-25,-0.8
2005-04-08,2011-05-25,-0.77
2005-04-15,2011-05-25,-0.73
2005-04-22,2011-05-25,-0.71
2005-04-29,2011-05-25,-0.69
2005-05-06,2011-05-25,-0.68
2005-05-13,2011-05-25,-0.64
2005-05-20,2011-05-25,-0.65
2005-05-27,2011-05-25,-0.7
2005-06-03,2011-05-25,-0.71
2005-06-10,2011-05-25,-0.72
2005-06-17,2011-05-25,-0.72
2005-06-24,2011-05-25,-0.76
2005-07-01,2011-05-25,-0.71
2005-07-08,2011-05-25,-0.7
2005-07-15,2011-05-25,-0.72
2005-07-22,2011-05-25,-0.73
2005-07-29,2011-05-25,-0.75
2005-08-05,2011-05-25,-0.74
2005-08-12,2011-05-25,-0.74
2005-08-19,2011-05-25,-0.74
2005-08-26,2011-05-25,-0.72
2005-09-02,2011-05-25,-0.71
2005-09-09,2011-05-25,-0.72
2005-09-16,2011-05-25,-0.73
2005-09-23,2011-05-25,-0.73
2005-09-30,2011-05-25,-0.74
2005-10-07,2011-05-25,-0.72
2005-10-14,2011-05-25,-0.72
2005-10-21,2011-05-25,-0.73
2005-10-28,2011-05-25,-0.74
2005-11-04,2011-05-25,-0.74
2005-11-11,2011-05-25,-0.75
2005-11-18,2011-05-25,-0.74
2005-11-25,2011-05-25,-0.75
2005-12-02,2011-05-25,-0.74
2005-12-09,2011-05-25,-0.74
2005-12-16,2011-05-25,-0.74
2005-12-23,2011-05-25,-0.75
2005-12-30,2011-05-25,-0.77
2006-01-06,2011-05-25,-0.74
2006-01-13,2011-05-25,-0.76
2006-01-20,2011-05-25,-0.75
2006-01-27,2011-05-25,-0.77
2006-02-03,2011-05-25,-0.76
2006-02-10,2011-05-25,-0.77
2006-02-17,2011-05-25,-0.78
2006-02-24,2011-05-25,-0.81
2006-03-03,2011-05-25,-0.79
2006-03-10,2011-05-25,-0.8
2006-03-17,2011-05-25,-0.81
2006-03-24,2011-05-25,-0.83
2006-03-31,2011-05-25,-0.84
2006-04-07,2011-05-25,-0.83
2006-04-14,2011-05-25,-0.83
2006-04-21,2011-05-25,-0.84
2006-04-28,2011-05-25,-0.86
2006-05-05,2011-05-25,-0.84
2006-05-12,2011-05-25,-0.85
2006-05-19,2011-05-25,-0.82
2006-05-26,2011-05-25,-0.81
2006-06-02,2011-05-25,-0.76
2006-06-09,2011-05-25,-0.77
2006-06-16,2011-05-25,-0.75
2006-06-23,2011-05-25,-0.74
2006-06-30,2011-05-25,-0.74
2006-07-07,2011-05-25,-0.75
2006-07-14,2011-05-25,-0.76
2006-07-21,2011-05-25,-0.76
2006-07-28,2011-05-25,-0.77
2006-08-04,2011-05-25,-0.76
2006-08-11,2011-05-25,-0.79
2006-08-18,2011-05-25,-0.81
2006-08-25,2011-05-25,-0.82
2006-09-01,2011-05-25,-0.79
2006-09-08,2011-05-25,-0.81
2006-09-15,2011-05-25,-0.81
2006-09-22,2011-05-25,-0.79
2006-09-29,2011-05-25,-0.77
2006-10-06,2011-05-25,-0.74
2006-10-13,2011-05-25,-0.82
2006-10-20,2011-05-25,-0.84
2006-10-27,2011-05-25,-0.84
2006-11-03,2011-05-25,-0.81
2006-11-10,2011-05-25,-0.86
2006-11-17,2011-05-25,-0.86
2006-11-24,2011-05-25,-0.85
2006-12-01,2011-05-25,-0.79
2006-12-08,2011-05-25,-0.82
2006-12-15,2011-05-25,-0.82
2006-12-22,2011-05-25,-0.82
2006-12-29,2011-05-25,-0.74
2007-01-05,2011-05-25,-0.81
2007-01-12,2011-05-25,-0.85
2007-01-19,2011-05-25,-0.87
2007-01-26,2011-05-25,-0.89
2007-02-02,2011-05-25,-0.86
2007-02-09,2011-05-25,-0.92
2007-02-16,2011-05-25,-0.92
2007-02-23,2011-05-25,-0.9
2007-03-02,2011-05-25,-0.81
2007-03-09,2011-05-25,-0.84
2007-03-16,2011-05-25,-0.82
2007-03-23,2011-05-25,-0.83
2007-03-30,2011-05-25,-0.76
2007-04-06,2011-05-25,-0.82
2007-04-13,2011-05-25,-0.82
2007-04-20,2011-05-25,-0.83
2007-04-27,2011-05-25,-0.81
2007-05-04,2011-05-25,-0.78
2007-05-11,2011-05-25,-0.83
2007-05-18,2011-05-25,-0.83
2007-05-25,2011-05-25,-0.83
2007-06-01,2011-05-25,-0.79
2007-06-08,2011-05-25,-0.81
2007-06-15,2011-05-25,-0.77
2007-06-22,2011-05-25,-0.74
2007-06-29,2011-05-25,-0.66
2007-07-06,2011-05-25,-0.69
2007-07-13,2011-05-25,-0.66
2007-07-20,2011-05-25,-0.59
2007-07-27,2011-05-25,-0.45
2007-08-03,2011-05-25,-0.34
2007-08-10,2011-05-25,-0.26
2007-08-17,2011-05-25,-0.08
2007-08-24,2011-05-25,0.01
2007-08-31,2011-05-25,0.01
2007-09-07,2011-05-25,0.06
2007-09-14,2011-05-25,0.05
2007-09-21,2011-05-25,-0.09
2007-09-28,2011-05-25,-0.12
2007-10-05,2011-05-25,-0.15
2007-10-12,2011-05-25,-0.25
2007-10-19,2011-05-25,-0.21
2007-10-26,2011-05-25,-0.18
2007-11-02,2011-05-25,-0.11
2007-11-09,2011-05-25,0.01
2007-11-16,2011-05-25,0.1
2007-11-23,2011-05-25,0.24
2007-11-30,2011-05-25,0.29
2007-12-07,2011-05-25,0.37
2007-12-14,2011-05-25,0.42
2007-12-21,2011-05-25,0.41
2007-12-28,2011-05-25,0.35
2008-01-04,2011-05-25,0.28
2008-01-11,2011-05-25,0.22
2008-01-18,2011-05-25,0.21
2008-01-25,2011-05-25,0.25
2008-02-01,2011-05-25,0.24
2008-02-08,2011-05-25,0.32
2008-02-15,2011-05-25,0.37
2008-02-22,2011-05-25,0.48
2008-02-29,2011-05-25,0.55
2008-03-07,2011-05-25,0.77
2008-03-14,2011-05-25,0.86
2008-03-21,2011-05-25,0.87
2008-03-28,2011-05-25,0.73
2008-04-04,2011-05-25,0.72
2008-04-11,2011-05-25,0.61
2008-04-18,2011-05-25,0.54
2008-04-25,2011-05-25,0.47
2008-05-02,2011-05-25,0.36
2008-05-09,2011-05-25,0.32
2008-05-16,2011-05-25,0.25
2008-05-23,2011-05-25,0.25
2008-05-30,2011-05-25,0.25
2008-06-06,2011-05-25,0.32
2008-06-13,2011-05-25,0.37
2008-06-20,2011-05-25,0.44
2008-06-27,2011-05-25,0.53
2008-07-04,2011-05-25,0.67
2008-07-11,2011-05-25,0.6
2008-07-18,2011-05-25,0.62
2008-07-25,2011-05-25,0.61
2008-08-01,2011-05-25,0.55
2008-08-08,2011-05-25,0.57
2008-08-15,2011-05-25,0.55
2008-08-22,2011-05-25,0.61
2008-08-29,2011-05-25,0.61
2008-09-05,2011-05-25,0.71
2008-09-12,2011-05-25,0.88
2008-09-19,2011-05-25,1.37
2008-09-26,2011-05-25,1.71
2008-10-03,2011-05-25,1.95
2008-10-10,2011-05-25,2.44
2008-10-17,2011-05-25,2.54
2008-10-24,2011-05-25,2.4
2008-10-31,2011-05-25,2.28
2008-11-07,2011-05-25,2.21
2008-11-14,2011-05-25,2.23
2008-11-21,2011-05-25,2.57
2008-11-28,2011-05-25,2.45
2008-12-05,2011-05-25,2.62
2008-12-12,2011-05-25,2.59
2008-12-19,2011-05-25,2.36
2008-12-26,2011-05-25,2.06
2009-01-02,2011-05-25,1.92
2009-01-09,2011-05-25,1.77
2009-01-16,2011-05-25,1.69
2009-01-23,2011-05-25,1.67
2009-01-30,2011-05-25,1.67
2009-02-06,2011-05-25,1.62
2009-02-13,2011-05-25,1.65
2009-02-20,2011-05-25,1.71
2009-02-27,2011-05-25,1.75
2009-03-06,2011-05-25,1.93
2009-03-13,2011-05-25,1.82
2009-03-20,2011-05-25,1.55
2009-03-27,2011-05-25,1.34
2009-04-03,2011-05-25,1.26
2009-04-10,2011-05-25,1.16
2009-04-17,2011-05-25,1.08
2009-04-24,2011-05-25,1.03
2009-05-01,2011-05-25,0.97
2009-05-08,2011-05-25,0.77
2009-05-15,2011-05-25,0.7
2009-05-22,2011-05-25,0.55
2009-05-29,2011-05-25,0.56
2009-06-05,2011-05-25,0.48
2009-06-12,2011-05-25,0.46
2009-06-19,2011-05-25,0.52
2009-06-26,2011-05-25,0.56
2009-07-03,2011-05-25,0.5
2009-07-10,2011-05-25,0.43
2009-07-17,2011-05-25,0.35
2009-07-24,2011-05-25,0.25
2009-07-31,2011-05-25,0.23
2009-08-07,2011-05-25,0.1
2009-08-14,2011-05-25,0.1
2009-08-21,2011-05-25,0.08
2009-08-28,2011-05-25,0.1
2009-09-04,2011-05-25,0.06
2009-09-11,2011-05-25,-0.01
2009-09-18,2011-05-25,-0.08
2009-09-25,2011-05-25,-0.12
2009-10-02,2011-05-25,-0.01
2009-10-09,2011-05-25,-0.12
2009-10-16,2011-05-25,-0.15
2009-10-23,2011-05-25,-0.17
2009-10-30,2011-05-25,-0.09
2009-11-06,2011-05-25,-0.15
2009-11-13,2011-05-25,-0.21
2009-11-20,2011-05-25,-0.25
2009-11-27,2011-05-25,-0.21
2009-12-04,2011-05-25,-0.26
2009-12-11,2011-05-25,-0.31
2009-12-18,2011-05-25,-0.34
2009-12-25,2011-05-25,-0.36
2010-01-01,2011-05-25,-0.31
2010-01-08,2011-05-25,-0.4
2010-01-15,2011-05-25,-0.43
2010-01-22,2011-05-25,-0.38
2010-01-29,2011-05-25,-0.36
2010-02-05,2011-05-25,-0.35
2010-02-12,2011-05-25,-0.37
2010-02-19,2011-05-25,-0.43
2010-02-26,2011-05-25,-0.43
2010-03-05,2011-05-25,-0.5
2010-03-12,2011-05-25,-0.56
2010-03-19,2011-05-25,-0.57
2010-03-26,2011-05-25,-0.54
2010-04-02,2011-05-25,-0.58
2010-04-09,2011-05-25,-0.6
2010-04-16,2011-05-25,-0.62
2010-04-23,2011-05-25,-0.59
2010-04-30,2011-05-25,-0.51
2010-05-07,2011-05-25,-0.36
2010-05-14,2011-05-25,-0.35
2010-05-21,2011-05-25,-0.25
2010-05-28,2011-05-25,-0.21
2010-06-04,2011-05-25,-0.18
2010-06-11,2011-05-25,-0.19
2010-06-18,2011-05-25,-0.26
2010-06-25,2011-05-25,-0.34
2010-07-02,2011-05-25,-0.27
2010-07-09,2011-05-25,-0.32
2010-07-16,2011-05-25,-0.36
2010-07-23,2011-05-25,-0.38
2010-07-30,2011-05-25,-0.38
2010-08-06,2011-05-25,-0.42
2010-08-13,2011-05-25,-0.4
2010-08-20,2011-05-25,-0.39
2010-08-27,2011-05-25,-0.34
2010-09-03,2011-05-25,-0.37
2010-09-10,2011-05-25,-0.41
2010-09-17,2011-05-25,-0.43
2010-09-24,2011-05-25,-0.45
2010-10-01,2011-05-25,-0.49
2010-10-08,2011-05-25,-0.5
2010-10-15,2011-05-25,-0.51
2010-10-22,2011-05-25,-0.51
2010-10-29,2011-05-25,-0.5
2010-11-05,2011-05-25,-0.53
2010-11-12,2011-05-25,-0.53
2010-11-19,2011-05-25,-0.52
2010-11-26,2011-05-25,-0.48
2010-12-03,2011-05-25,-0.5
2010-12-10,2011-05-25,-0.54
2010-12-17,2011-05-25,-0.53
2010-12-24,2011-05-25,-0.55
2010-12-31,2011-05-25,-0.57
2011-01-07,2011-05-25,-0.54
2011-01-14,2011-05-25,-0.55
2011-01-21,2011-05-25,-0.57
2011-01-28,2011-05-25,-0.59
2011-02-04,2011-05-25,-0.61
2011-02-11,2011-05-25,-0.63
2011-02-18,2011-05-25,-0.63
2011-02-25,2011-05-25,-0.6
2011-03-04,2011-05-25,-0.61
2011-03-11,2011-05-25,-0.6
2011-03-18,2011-05-25,-0.56
2011-03-25,2011-05-25,-0.66
2011-04-01,2011-05-25,-0.62
2011-04-08,2011-05-25,-0.63
2011-04-15,2011-05-25,-0.63
2011-04-22,2011-05-25,-0.63
2011-04-29,2011-05-25,-0.62
2011-05-06,2011-05-25,-0.61
2011-05-13,2011-05-25,-0.6
2011-05-20,2011-05-25,-0.6
2011-05-27,2011-06-02,-0.54
2011-06-03,2011-06-08,-0.55
2011-06-10,2011-06-15,-0.55
2011-06-17,2011-06-22,-0.54
2011-06-24,2011-06-29,-0.5
2011-07-01,2011-07-06,-0.54
2011-07-08,2011-07-13,-0.63
2011-07-15,2011-07-20,-0.61
2011-07-22,2011-07-27,-0.63
2011-07-29,2011-08-03,-0.59
2011-08-05,2011-08-10,-0.56
2011-08-12,2011-08-17,-0.4
2011-08-19,2011-08-24,-0.39
2011-08-26,2011-08-31,-0.31
2011-09-02,2011-09-08,-0.35
2011-09-09,2011-09-14,-0.31
2011-09-16,2011-09-21,-0.34
2011-09-23,2011-09-28,-0.27
2011-09-30,2011-10-05,-0.2
2011-10-07,2011-10-13,-0.18
2011-10-14,2011-10-19,-0.22
2011-10-21,2011-10-26,-0.11
2011-10-28,2011-11-02,-0.21
2011-11-04,2011-11-09,-0.19
2011-11-11,2011-11-16,-0.15
2011-11-18,2011-11-23,-0.07
2011-11-25,2011-11-30,-0.01
2011-12-02,2011-12-07,-0.08
2011-12-09,2011-12-14,-0.07
2011-12-16,2011-12-21,-0.1
2011-12-23,2011-12-29,-0.12
2011-12-30,2012-01-05,-0.17
2012-01-06,2012-01-11,-0.14
2012-01-13,2012-01-19,-0.27
2012-01-20,2012-01-25,-0.35
2012-01-27,2012-02-01,-0.43
2012-02-03,2012-02-08,-0.41
2012-02-10,2012-02-15,-0.46
2012-02-17,2012-02-23,-0.47
2012-02-24,2012-02-29,-0.46
2012-03-02,2012-03-07,-0.45
2012-03-09,2012-03-14,-0.48
2012-03-16,2012-03-21,-0.54
2012-03-23,2012-03-28,-0.57
2012-03-30,2012-04-04,-0.62
2012-04-06,2012-04-11,-0.58
2012-04-13,2012-04-18,-0.56
2012-04-20,2012-04-25,-0.53
2012-04-27,2012-05-02,-0.56
2012-05-04,2012-05-09,-0.54
2012-05-11,2012-05-16,-0.56
2012-05-18,2012-05-23,-0.48
2012-05-25,2012-05-31,-0.5
2012-06-01,2012-06-06,-0.45
2012-06-08,2012-06-13,-0.41
2012-06-15,2012-06-20,-0.42
2012-06-22,2012-06-27,-0.45
2012-06-29,2012-07-05,-0.56
2012-07-06,2012-07-11,-0.51
2012-07-13,2012-07-18,-0.57
2012-07-20,2012-07-25,-0.58
2012-07-27,2012-08-01,-0.56
2012-08-03,2012-08-08,-0.53
2012-08-10,2012-08-15,-0.59
2012-08-17,2012-08-22,-0.61
2012-08-24,2012-08-29,-0.63
2012-08-31,2012-09-06,-0.63
2012-09-07,2012-09-12,-0.65
2012-09-14,2012-09-19,-0.69
2012-09-21,2012-09-26,-0.74
2012-09-28,2012-10-03,-0.68
2012-10-05,2012-10-11,-0.69
2012-10-12,2012-10-17,-0.75
2012-10-19,2012-10-24,-0.76
2012-10-26,2012-11-07,-0.74
2012-11-02,2012-11-07,-0.71
2012-11-09,2012-11-15,-0.75
2012-11-16,2012-11-21,-0.77
2012-11-23,2012-11-28,-0.8
2012-11-30,2012-12-05,-0.76
2012-12-07,2012-12-12,-0.79
2012-12-14,2012-12-19,-0.82
2012-12-21,2012-12-27,-0.81
2012-12-28,2013-01-03,-0.74
2013-01-04,2013-01-09,-0.8
2013-01-11,2013-01-16,-0.85
2013-01-18,2013-01-24,-0.88
2013-01-25,2013-01-30,-0.88
2013-02-01,2013-02-06,-0.71
2013-02-08,2013-02-13,-0.74
2013-02-15,2013-02-21,-0.72
2013-02-22,2013-02-27,-0.77
2013-03-01,2013-03-06,-0.73
2013-03-08,2013-03-13,-0.76
2013-03-15,2013-03-20,-0.76
2013-03-22,2013-03-27,-0.81
2013-03-29,2013-04-03,-0.78
2013-04-05,2013-04-10,-0.8
2013-04-12,2013-04-17,-0.83
2013-04-19,2013-04-24,-0.81
2013-04-26,2013-05-01,-0.81
2013-05-03,2013-05-08,-0.77
2013-05-10,2013-05-15,-0.82
2013-05-17,2013-05-22,-0.84
2013-05-24,2013-05-30,-0.85
2013-05-31,2013-06-05,-0.82
2013-06-07,2013-06-12,-0.8
2013-06-14,2013-06-19,-0.75
2013-06-21,2013-06-26,-0.74
2013-06-28,2013-07-03,-0.74
2013-07-05,2013-07-10,-0.69
2013-07-12,2013-07-17,-0.71
2013-07-19,2013-07-24,-0.75
2013-07-26,2013-07-31,-0.79
2013-08-02,2013-08-07,-0.79
2013-08-09,2013-08-14,-0.81
2013-08-16,2013-08-21,-0.81
2013-08-23,2013-08-28,-0.8
2013-08-30,2013-09-05,-0.76
2013-09-06,2013-09-11,-0.75
2013-09-13,2013-09-18,-0.77
2013-09-20,2013-09-25,-0.8
2013-09-27,2013-10-02,-0.82
2013-10-04,2013-10-09,-0.81
2013-10-11,2013-10-17,-0.83
2013-10-18,2013-10-23,-0.83
2013-10-25,2013-10-30,-0.87
2013-11-01,2013-11-06,-0.87
2013-11-08,2013-11-14,-0.9
2013-11-15,2013-11-20,-0.92
2013-11-22,2013-11-27,-0.94
2013-11-29,2013-12-04,-0.93
2013-12-06,2013-12-11,-0.94
2013-12-13,2013-12-18,-0.94
2013-12-20,2013-12-26,-0.94
2013-12-27,2014-01-02,-0.94
2014-01-03,2014-01-08,-0.93
2014-01-10,2014-01-15,-0.94
2014-01-17,2014-01-23,-0.96
2014-01-24,2014-01-29,-0.94
2014-01-31,2014-02-05,-0.88
2014-02-07,2014-02-12,-0.9
2014-02-14,2014-02-20,-0.94
2014-02-21,2014-02-26,-0.99
2014-02-28,2014-03-05,-1.0
2014-03-07,2014-03-12,-1.0
2014-03-14,2014-03-19,-0.95
2014-03-21,2014-03-26,-0.95
2014-03-28,2014-04-02,-0.89
2014-04-04,2014-04-09,-0.91
2014-04-11,2014-04-16,-0.93
2014-04-18,2014-04-23,-0.92
2014-04-25,2014-04-30,-0.92
2014-05-02,2014-05-07,-0.92
2014-05-09,2014-05-14,-0.91
2014-05-16,2014-05-21,-0.92
2014-05-23,2014-05-29,-0.94
2014-05-30,2014-06-04,-0.93
2014-06-06,2014-06-11,-0.97
2014-06-13,2014-06-18,-0.98
2014-06-20,2014-06-25,-0.99
2014-06-27,2014-07-02,-0.97
2014-07-04,2014-07-09,-0.96
2014-07-11,2014-07-16,-0.98
2014-07-18,2014-07-23,-0.99
2014-07-25,2014-07-30,-0.99
2014-08-01,2014-08-06,-0.93
2014-08-08,2014-08-13,-0.91
2014-08-15,2014-08-20,-0.91
2014-08-22,2014-08-27,-0.94
2014-08-29,2014-09-04,-0.93
2014-09-05,2014-09-10,-0.91
2014-09-12,2014-09-17,-0.92
2014-09-19,2014-09-24,-0.93
2014-09-26,2014-10-01,-0.91
2014-10-03,2014-10-08,-0.85
2014-10-10,2014-10-16,-0.86
2014-10-17,2014-10-22,-0.72
2014-10-24,2014-10-29,-0.75
2014-10-31,2014-11-05,-0.79
2014-11-07,2014-11-13,-0.84
2014-11-14,2014-11-19,-0.88
2014-11-21,2014-11-26,-0.9
2014-11-28,2014-12-03,-0.84
2014-12-05,2014-12-10,-0.85
2014-12-12,2014-12-17,-0.83
2014-12-19,2014-12-24,-0.78
2014-12-26,2014-12-31,-0.76
2015-01-02,2015-01-07,-0.72
2015-01-09,2015-01-14,-0.71
2015-01-16,2015-01-22,-0.65
2015-01-23,2015-01-28,-0.65
2015-01-30,2015-02-04,-0.64
2015-02-06,2015-02-11,-0.63
2015-02-13,2015-02-19,-0.64
2015-02-20,2015-02-25,-0.7
2015-02-27,2015-03-04,-0.71
2015-03-06,2015-03-11,-0.73
2015-03-13,2015-03-18,-0.75
2015-03-20,2015-03-25,-0.78
2015-03-27,2015-04-01,-0.78
2015-04-03,2015-04-08,-0.76
2015-04-10,2015-04-15,-0.79
2015-04-17,2015-04-22,-0.81
2015-04-24,2015-04-29,-0.82
2015-05-01,2015-05-06,-0.79
2015-05-08,2015-05-13,-0.78
2015-05-15,2015-05-20,-0.77
2015-05-22,2015-05-28,-0.75
2015-05-29,2015-06-03,-0.76
2015-06-05,2015-06-10,-0.77
2015-06-12,2015-06-17,-0.79
2015-06-19,2015-06-24,-0.79
2015-06-26,2015-07-01,-0.79
2015-07-03,2015-07-08,-0.77
2015-07-10,2015-07-15,-0.74
2015-07-17,2015-07-22,-0.75
2015-07-24,2015-07-29,-0.79
2015-07-31,2015-08-05,-0.65
2015-08-07,2015-08-12,-0.77
2015-08-14,2015-08-19,-0.77
2015-08-21,2015-08-26,-0.74
2015-08-28,2015-09-02,-0.61
2015-09-04,2015-09-10,-0.59
2015-09-11,2015-09-16,-0.6
2015-09-18,2015-09-23,-0.61
2015-09-25,2015-09-30,-0.64
2015-10-02,2015-10-07,-0.59
2015-10-09,2015-10-15,-0.65
2015-10-16,2015-10-21,-0.65
2015-10-23,2015-10-28,-0.71
2015-10-30,2015-11-04,-0.71
2015-11-06,2015-11-12,-0.73
2015-11-13,2015-11-18,-0.72
2015-11-20,2015-11-25,-0.71
2015-11-27,2015-12-02,-0.7
2015-12-04,2015-12-09,-0.67
2015-12-11,2015-12-16,-0.6
2015-12-18,2015-12-23,-0.57
2015-12-25,2015-12-30,-0.59
2016-01-01,2016-01-06,-0.54
2016-01-08,2016-01-13,-0.56
2016-01-15,2016-01-21,-0.55
2016-01-22,2016-01-27,-0.56
2016-01-29,2016-02-03,-0.55
2016-02-05,2016-02-10,-0.56
2016-02-12,2016-02-18,-0.5
2016-02-19,2016-02-24,-0.52
2016-02-26,2016-03-02,-0.53
2016-03-04,2016-03-09,-0.56
2016-03-11,2016-03-16,-0.6
2016-03-18,2016-03-23,-0.64
2016-03-25,2016-03-30,-0.66
2016-04-01,2016-04-06,-0.64
2016-04-08,2016-04-13,-0.65
2016-04-15,2016-04-20,-0.63
2016-04-22,2016-04-27,-0.67
2016-04-29,2016-05-04,-0.66
2016-05-06,2016-05-11,-0.64
2016-05-13,2016-05-18,-0.64
2016-05-20,2016-05-25,-0.63
2016-05-27,2016-06-02,-0.64
2016-06-03,2016-06-08,-0.66
2016-06-10,2016-06-15,-0.66
2016-06-17,2016-06-22,-0.63
2016-06-24,2016-06-29,-0.58
2016-07-01,2016-07-07,-0.56
2016-07-08,2016-07-13,-0.57
2016-07-15,2016-07-20,-0.59
2016-07-22,2016-07-27,-0.65
2016-07-29,2016-08-03,-0.65
2016-08-05,2016-08-10,-0.67
2016-08-12,2016-08-17,-0.69
2016-08-19,2016-08-24,-0.7
2016-08-26,2016-08-31,-0.71
2016-09-02,2016-09-08,-0.63
2016-09-09,2016-09-14,-0.61
2016-09-16,2016-09-21,-0.62
2016-09-23,2016-09-28,-0.6
2016-09-30,2016-10-05,-0.61
2016-10-07,2016-10-13,-0.65
2016-10-14,2016-10-19,-0.67
2016-10-21,2016-10-26,-0.65
2016-10-28,2016-11-02,-0.67
2016-11-04,2016-11-09,-0.66
2016-11-11,2016-11-16,-0.67
2016-11-18,2016-11-23,-0.71
2016-11-25,2016-11-30,-0.77
2016-12-02,2016-12-07,-0.75
2016-12-09,2016-12-14,-0.78
2016-12-16,2016-12-21,-0.78
2016-12-23,2016-12-29,-0.77
2016-12-30,2017-01-05,-0.76
2017-01-06,2017-01-11,-0.77
2017-01-13,2017-01-19,-0.78
2017-01-20,2017-01-25,-0.79
2017-01-27,2017-02-01,-0.81
2017-02-03,2017-02-08,-0.8
2017-02-10,2017-02-15,-0.82
2017-02-17,2017-02-23,-0.83
2017-02-24,2017-03-01,-0.79
2017-03-03,2017-03-08,-0.75
2017-03-10,2017-03-15,-0.77
2017-03-17,2017-03-22,-0.78
2017-03-24,2017-03-29,-0.78
2017-03-31,2017-04-05,-0.76
2017-04-07,2017-04-12,-0.78
2017-04-14,2017-04-19,-0.78
2017-04-21,2017-04-26,-0.77
2017-04-28,2017-05-03,-0.79
2017-05-05,2017-05-10,-0.81
2017-05-12,2017-05-17,-0.84
2017-05-19,2017-05-24,-0.82
2017-05-26,2017-06-01,-0.86
2017-06-02,2017-06-07,-0.82
2017-06-09,2017-06-14,-0.86
2017-06-16,2017-06-21,-0.89
2017-06-23,2017-06-28,-0.89
2017-06-30,2017-07-06,-0.87
2017-07-07,2017-07-12,-0.88
2017-07-14,2017-07-19,-0.9
2017-07-21,2017-07-26,-0.93
2017-07-28,2017-08-02,-0.94
2017-08-04,2017-08-09,-0.9
2017-08-11,2017-08-16,-0.89
2017-08-18,2017-08-23,-0.88
2017-08-25,2017-08-30,-0.87
2017-09-01,2017-09-07,-0.88
2017-09-08,2017-09-13,-0.85
2017-09-15,2017-09-20,-0.86
2017-09-22,2017-09-27,-0.89
2017-09-29,2017-10-04,-0.86
2017-10-06,2017-10-12,-0.89
2017-10-13,2017-10-18,-0.89
2017-10-20,2017-10-25,-0.91
2017-10-27,2017-11-01,-0.91
2017-11-03,2017-11-08,-0.91
2017-11-10,2017-11-15,-0.93
2017-11-17,2017-11-22,-0.93
2017-11-24,2017-11-29,-0.94
2017-12-01,2017-12-06,-0.9
2017-12-08,2017-12-13,-0.91
2017-12-15,2017-12-20,-0.91
2017-12-22,2017-12-28,-0.92
2017-12-29,2018-01-04,-0.89
2018-01-05,2018-01-10,-0.91
2018-01-12,2018-01-18,-0.93
2018-01-19,2018-01-24,-0.94
2018-01-26,2018-01-31,-0.94
2018-02-02,2018-02-07,-0.88
2018-02-09,2018-02-14,-0.82
2018-02-16,2018-02-22,-0.8
2018-02-23,2018-02-28,-0.79
2018-03-02,2018-03-07,-0.77
2018-03-09,2018-03-14,-0.77
2018-03-16,2018-03-21,-0.78
2018-03-23,2018-03-28,-0.77
2018-03-30,2018-04-04,-0.74
2018-04-06,2018-04-11,-0.73
2018-04-13,2018-04-18,-0.75
2018-04-20,2018-04-25,-0.79
2018-04-27,2018-05-02,-0.78
2018-05-04,2018-05-09,-0.79
2018-05-11,2018-05-16,-0.81
2018-05-18,2018-05-23,-0.83
2018-05-25,2018-05-31,-0.85
2018-06-01,2018-06-06,-0.8
2018-06-08,2018-06-13,-0.81
2018-06-15,2018-06-20,-0.81
2018-06-22,2018-06-27,-0.81
2018-06-29,2018-07-05,-0.78
2018-07-06,2018-07-11,-0.78
2018-07-13,2018-07-18,-0.79
2018-07-20,2018-07-25,-0.83
2018-07-27,2018-08-01,-0.84
2018-08-03,2018-08-08,-0.84
2018-08-10,2018-08-15,-0.86
2018-08-17,2018-08-22,-0.86
2018-08-24,2018-08-29,-0.87
2018-08-31,2018-09-06,-0.85
2018-09-07,2018-09-12,-0.86
2018-09-14,2018-09-19,-0.86
2018-09-21,2018-09-26,-0.88
2018-09-28,2018-10-03,-0.86
2018-10-05,2018-10-11,-0.89
2018-10-12,2018-10-17,-0.88
2018-10-19,2018-10-24,-0.87
2018-10-26,2018-10-31,-0.84
2018-11-02,2018-11-07,-0.79
2018-11-09,2018-11-15,-0.81
2018-11-16,2018-11-21,-0.82
2018-11-23,2018-11-28,-0.81
2018-11-30,2018-12-05,-0.78
2018-12-07,2018-12-12,-0.76
2018-12-14,2018-12-19,-0.75
2018-12-21,2018-12-27,-0.73
2018-12-28,2019-01-03,-0.7
2019-01-04,2019-01-09,-0.71
2019-01-11,2019-01-16,-0.75
2019-01-18,2019-01-24,-0.78
2019-01-25,2019-01-30,-0.81
2019-02-01,2019-02-06,-0.78
2019-02-08,2019-02-13,-0.82
2019-02-15,2019-02-21,-0.85
2019-02-22,2019-02-27,-0.87
2019-03-01,2019-03-06,-0.85
2019-03-08,2019-03-13,-0.86
2019-03-15,2019-03-20,-0.87
2019-03-22,2019-03-27,-0.88
2019-03-29,2019-04-03,-0.85
2019-04-05,2019-04-10,-0.84
2019-04-12,2019-04-17,-0.86
2019-04-19,2019-04-24,-0.88
2019-04-26,2019-05-01,-0.88
2019-05-03,2019-05-08,-0.87
2019-05-10,2019-05-15,-0.87
2019-05-17,2019-05-22,-0.87
2019-05-24,2019-05-30,-0.86
2019-05-31,2019-06-05,-0.83
2019-06-07,2019-06-12,-0.83
2019-06-14,2019-06-19,-0.82
2019-06-21,2019-06-26,-0.83
2019-06-28,2019-07-03,-0.81
2019-07-05,2019-07-10,-0.82
2019-07-12,2019-07-17,-0.83
2019-07-19,2019-07-24,-0.84
2019-07-26,2019-07-31,-0.86
2019-08-02,2019-08-07,-0.85
2019-08-09,2019-08-14,-0.8
2019-08-16,2019-08-21,-0.76
2019-08-23,2019-08-28,-0.75
2019-08-30,2019-09-05,-0.7
2019-09-06,2019-09-11,-0.71
2019-09-13,2019-09-18,-0.72
2019-09-20,2019-09-25,-0.74
2019-09-27,2019-10-02,-0.73
2019-10-04,2019-10-09,-0.72
2019-10-11,2019-10-17,-0.73
2019-10-18,2019-10-23,-0.74
2019-10-25,2019-10-30,-0.76
2019-11-01,2019-11-06,-0.74
2019-11-08,2019-11-14,-0.76
2019-11-15,2019-11-20,-0.77
2019-11-22,2019-11-27,-0.78
2019-11-29,2019-12-04,-0.78
2019-12-06,2019-12-11,-0.78
2019-12-13,2019-12-18,-0.78
2019-12-20,2019-12-26,-0.79
2019-12-27,2020-01-08,-0.78
2020-01-03,2020-01-08,-0.79
2020-01-10,2020-01-15,-0.79
2020-01-17,2020-01-23,-0.82
2020-01-24,2020-01-29,-0.82
2020-01-31,2020-02-05,-0.79
2020-02-07,2020-02-12,-0.81
2020-02-14,2020-02-20,-0.83
2020-02-21,2020-02-26,-0.84
2020-02-28,2020-03-04,-0.76
2020-03-06,2020-03-11,-0.67
2020-03-13,2020-03-18,-0.48
2020-03-20,2020-03-25,-0.17
2020-03-27,2020-04-01,0.05
2020-04-03,2020-04-08,0.07
2020-04-10,2020-04-15,-0.02
2020-04-17,2020-04-22,-0.15
2020-04-24,2020-04-29,-0.23
2020-05-01,2020-05-06,-0.28
2020-05-08,2020-05-13,-0.4
2020-05-15,2020-05-20,-0.46
2020-05-22,2020-05-28,-0.51
2020-05-29,2020-06-03,-0.51
2020-06-05,2020-06-10,-0.58
2020-06-12,2020-06-17,-0.59
2020-06-19,2020-06-24,-0.59
2020-06-26,2020-07-01,-0.6
2020-07-03,2020-07-08,-0.39
2020-07-10,2020-07-15,-0.43
2020-07-17,2020-07-22,-0.47
2020-07-24,2020-07-29,-0.5
2020-07-31,2020-08-05,-0.47
2020-08-07,2020-08-12,-0.52
2020-08-14,2020-08-19,-0.53
2020-08-21,2020-08-26,-0.53871
2020-08-28,2020-09-02,-0.53305
2020-09-04,2020-09-10,-0.50764
2020-09-11,2020-09-16,-0.4798
2020-09-18,2020-09-23,-0.49027
2020-09-25,2020-09-30,-0.48696
2020-10-02,2020-10-07,-0.48585
2020-10-09,2020-10-15,-0.50183
2020-10-16,2020-10-21,-0.5178
2020-10-23,2020-10-28,-0.51891
2020-10-30,2020-11-04,-0.49689
2020-11-06,2020-11-12,-0.47838
2020-11-13,2020-11-18,-0.52767
2020-11-20,2020-11-25,-0.57355
2020-11-27,2020-12-02,-0.60098
2020-12-04,2020-12-09,-0.61311
2020-12-11,2020-12-16,-0.62094
2020-12-18,2020-12-23,-0.61428
2020-12-25,2020-12-30,-0.60471
2021-01-01,2021-01-06,-0.60442
2021-01-08,2021-01-13,-0.61765
2021-01-15,2021-01-21,-0.6171
2021-01-22,2021-01-27,-0.63774
2021-01-29,2021-02-03,-0.59809
2021-02-05,2021-02-10,-0.62002
2021-02-12,2021-02-18,-0.64392
2021-02-19,2021-02-24,-0.65002
2021-02-26,2021-03-03,-0.63587
2021-03-05,2021-03-10,-0.62517
2021-03-12,2021-03-17,-0.62826
2021-03-19,2021-03-24,-0.62672
2021-03-26,2021-03-31,-0.63474
2021-04-02,2021-04-07,-0.65224
2021-04-09,2021-04-14,-0.6747
2021-04-16,2021-04-21,-0.68654
2021-04-23,2021-04-28,-0.68461
2021-04-30,2021-05-05,-0.70671
2021-05-07,2021-05-12,-0.7022
2021-05-14,2021-05-19,-0.6979
2021-05-21,2021-05-26,-0.68875
2021-05-28,2021-06-03,-0.70655
2021-06-04,2021-06-09,-0.71256
2021-06-11,2021-06-16,-0.71895
2021-06-18,2021-06-23,-0.70998
2021-06-25,2021-06-30,-0.7165
2021-07-02,2021-07-08,-0.71149
2021-07-09,2021-07-14,-0.70853
2021-07-16,2021-07-21,-0.69899
2021-07-23,2021-07-28,-0.67717
2021-07-30,2021-08-04,-0.69228
2021-08-06,2021-08-11,-0.67826
2021-08-13,2021-08-18,-0.67943
2021-08-20,2021-08-25,-0.66728
2021-08-27,2021-09-01,-0.66222
2021-09-03,2021-09-09,-0.67999
2021-09-10,2021-09-15,-0.69096
2021-09-17,2021-09-22,-0.69066
2021-09-24,2021-09-29,-0.68249
2021-10-01,2021-10-06,-0.69718
2021-10-08,2021-10-14,-0.68013
2021-10-15,2021-10-20,-0.68231
2021-10-22,2021-10-27,-0.6935
2021-10-29,2021-11-03,-0.68732
2021-11-05,2021-11-10,-0.67611
2021-11-12,2021-11-17,-0.65498
2021-11-19,2021-11-24,-0.63408
2021-11-26,2021-12-01,-0.59446
2021-12-03,2021-12-08,-0.55532
2021-12-10,2021-12-15,-0.55472
2021-12-17,2021-12-22,-0.57336
2021-12-24,2021-12-29,-0.58094
2021-12-31,2022-01-06,-0.58335
2022-01-07,2022-01-12,-0.61298
2022-01-14,2022-01-20,-0.62211
2022-01-21,2022-01-26,-0.58669
2022-01-28,2022-02-02,-0.56722
2022-02-04,2022-02-09,-0.57192
2022-02-11,2022-02-16,-0.56005
2022-02-18,2022-02-24,-0.53151
2022-02-25,2022-03-02,-0.47774
2022-03-04,2022-03-09,-0.43184
2022-03-11,2022-03-16,-0.35082
2022-03-18,2022-03-23,-0.32546
2022-03-25,2022-03-30,-0.33352
2022-04-01,2022-04-06,-0.37737
2022-04-08,2022-04-13,-0.3805
2022-04-15,2022-04-20,-0.38134
2022-04-22,2022-04-27,-0.35886
2022-04-29,2022-05-04,-0.27168
2022-05-06,2022-05-11,-0.23361
2022-05-13,2022-05-18,-0.22522
2022-05-20,2022-05-25,-0.20212
2022-05-27,2022-06-02,-0.17432
2022-06-03,2022-06-08,-0.27765
2022-06-10,2022-06-15,-0.26397
2022-06-17,2022-06-23,-0.18144
2022-06-24,2022-06-29,-0.1431
2022-07-01,2022-07-07,-0.11703
2022-07-08,2022-07-13,-0.09113
2022-07-15,2022-07-20,-0.1855
2022-07-22,2022-07-27,-0.20144
2022-07-29,2022-08-03,-0.19124
2022-08-05,2022-08-10,-0.24561
2022-08-12,2022-08-17,-0.28166
2022-08-19,2022-08-24,-0.27777
2022-08-26,2022-08-31,-0.26816
2022-09-02,2022-09-08,-0.21521
2022-09-09,2022-09-14,-0.21998
2022-09-16,2022-09-21,-0.19464
2022-09-23,2022-09-28,-0.14145
2022-09-30,2022-10-05,-0.06267
2022-10-07,2022-10-13,-0.06158
2022-10-14,2022-10-19,-0.06227
2022-10-21,2022-10-26,-0.11154
2022-10-28,2022-11-02,-0.10226
2022-11-04,2022-11-09,-0.11073
2022-11-11,2022-11-16,-0.19514
2022-11-18,2022-11-23,-0.25579
2022-11-25,2022-11-30,-0.26901
2022-12-02,2022-12-07,-0.22078
2022-12-09,2022-12-14,-0.21479
2022-12-16,2023-01-05,-0.20154
2022-12-23,2023-01-05,-0.20681
2022-12-30,2023-01-05,-0.21215
2023-01-06,2023-01-11,-0.26525
2023-01-13,2023-01-19,-0.33856
2023-01-20,2023-01-25,-0.37016
2023-01-27,2023-02-01,-0.35201
2023-02-03,2023-02-08,-0.35917
2023-02-10,2023-02-15,-0.4432
2023-02-17,2023-02-23,-0.45282
2023-02-24,2023-03-01,-0.41324
2023-03-03,2023-03-08,-0.3762
2023-03-10,2023-03-15,-0.35231
2023-03-17,2023-03-22,-0.23911
2023-03-24,2023-03-29,-0.12072
2023-03-31,2023-04-05,-0.12534
2023-04-07,2023-04-12,-0.1823
2023-04-14,2023-04-19,-0.24309
2023-04-21,2023-04-26,-0.30218
2023-04-28,2023-05-03,-0.26652
2023-05-05,2023-05-10,-0.28289
2023-05-12,2023-05-17,-0.29949
2023-05-19,2023-05-24,-0.30634
2023-05-26,2023-06-01,-0.29
2023-06-02,2023-06-07,-0.22305
2023-06-09,2023-06-14,-0.27604
2023-06-16,2023-06-22,-0.29742
2023-06-23,2023-06-28,-0.31908
2023-06-30,2023-07-06,-0.2818
2023-07-07,2023-07-12,-0.32937
2023-07-14,2023-07-19,-0.37011
2023-07-21,2023-07-26,-0.39243
2023-07-28,2023-08-02,-0.34214
2023-08-04,2023-08-09,-0.35131
2023-08-11,2023-08-16,-0.3853
2023-08-18,2023-08-23,-0.40058
2023-08-25,2023-08-30,-0.4
2023-09-01,2023-09-07,-0.33845
2023-09-08,2023-09-13,-0.38016
2023-09-15,2023-09-20,-0.41954
2023-09-22,2023-09-27,-0.45798
2023-09-29,2023-10-04,-0.36766
2023-10-06,2023-10-12,-0.37525
2023-10-13,2023-10-18,-0.38567
2023-10-20,2023-10-25,-0.38988
2023-10-27,2023-11-01,-0.3381
2023-11-03,2023-11-08,-0.35997
2023-11-10,2023-11-15,-0.40649
2023-11-17,2023-11-22,-0.46755
2023-11-24,2023-11-29,-0.50404
2023-12-01,2023-12-06,-0.46256
2023-12-08,2023-12-13,-0.51
2023-12-15,2023-12-20,-0.53369
2023-12-22,2023-12-28,-0.54284
2023-12-29,2024-01-04,-0.47933
2024-01-05,2024-01-10,-0.50717
2024-01-12,2024-01-18,-0.54453
2024-01-19,2024-01-24,-0.57295
2024-01-26,2024-01-31,-0.56413
2024-02-02,2024-02-07,-0.49078
2024-02-09,2024-02-14,-0.51117
2024-02-16,2024-02-22,-0.52151
2024-02-23,2024-02-28,-0.51816
2024-03-01,2024-03-06,-0.46829
2024-03-08,2024-03-13,-0.50239
2024-03-15,2024-03-20,-0.53056
2024-03-22,2024-03-27,-0.55572
2024-03-29,2024-04-03,-0.50983
2024-04-05,2024-04-10,-0.53124
2024-04-12,2024-04-17,-0.5307
2024-04-19,2024-04-24,-0.50758
2024-04-26,2024-05-01,-0.47494
2024-05-03,2024-05-08,-0.48785
2024-05-10,2024-05-15,-0.53181
2024-05-17,2024-05-22,-0.56222
2024-05-24,2024-05-30,-0.58016
2024-05-31,2024-06-05,-0.53823
2024-06-07,2024-06-12,-0.56393
2024-06-14,2024-06-20,-0.58065
2024-06-21,2024-06-26,-0.5678
2024-06-28,2024-07-03,-0.50131
2024-07-05,2024-07-10,-0.5288
2024-07-12,2024-07-17,-0.56269
2024-07-19,2024-07-24,-0.58176
2024-07-26,2024-07-31,-0.58299
2024-08-02,2024-08-07,-0.54608
2024-08-09,2024-08-14,-0.49852
2024-08-16,2024-08-21,-0.5228
2024-08-23,2024-08-28,-0.5526
2024-08-30,2024-09-05,-0.50418
2024-09-06,2024-09-11,-0.57042
2024-09-13,2024-09-18,-0.55834
2024-09-20,2024-09-25,-0.57701
2024-09-27,2024-10-02,-0.54952
2024-10-04,2024-10-09,-0.56291
2024-10-11,2024-10-17,-0.56546
2024-10-18,2024-10-23,-0.56546
2024-10-25,2024-10-30,-0.56125
2024-11-01,2024-11-06,-0.51732
2024-11-08,2024-11-14,-0.54587
2024-11-15,2024-11-20,-0.59339
2024-11-22,2024-11-27,-0.64189
2024-11-29,2024-12-04,-0.62668
2024-12-06,2024-12-11,-0.65048
2024-12-13,2024-12-18,-0.65824
2024-12-20,2024-12-26,-0.60364
2024-12-27,2025-01-02,-0.59347
2025-01-03,2025-01-08,-0.59794
2025-01-10,2025-01-15,-0.62726
2025-01-17,2025-01-23,-0.63747
2025-01-24,2025-01-29,-0.65143
2025-01-31,2025-02-05,-0.65329
2025-02-07,2025-02-12,-0.64001
2025-02-14,2025-02-20,-0.64763
2025-02-21,2025-02-26,-0.6668
2025-02-28,2025-03-05,-0.59095
2025-03-07,2025-03-12,-0.56684
2025-03-14,2025-03-19,-0.54589
2025-03-21,2025-03-26,-0.55589
2025-03-28,2025-04-02,-0.56516
2025-04-04,2025-04-09,-0.54173
2025-04-11,2025-04-16,-0.42028
2025-04-18,2025-04-23,-0.43077
2025-04-25,2025-04-30,-0.44273
2025-05-02,2025-05-07,-0.44816
2025-05-09,2025-05-14,-0.51219
2025-05-16,2025-05-21,-0.58143
2025-05-23,2025-05-29,-0.60589
2025-05-30,2025-06-04,-0.47611
2025-06-06,2025-06-11,-0.51212
2025-06-13,2025-06-18,-0.5237
2025-06-20,2025-06-25,-0.51043
2025-06-27,2025-07-02,-0.49694
2025-07-04,2025-07-09,-0.50977
2025-07-11,2025-07-16,-0.54351
2025-07-18,2025-07-23,-0.55311
2025-07-25,2025-07-30,-0.56951
2025-08-01,2025-08-06,-0.535
2025-08-08,2025-08-13,-0.54493
2025-08-15,2025-08-20,-0.55521
2025-08-22,2025-08-27,-0.56025
2025-08-29,2025-09-04,-0.52578
2025-09-05,2025-09-10,-0.54306
2025-09-12,2025-09-17,-0.56378
2025-09-19,2025-09-24,-0.57265
2025-09-26,2025-10-01,-0.55647
2025-10-03,2025-10-08,-0.54613
2025-10-10,2025-10-16,-0.55852
2025-10-17,2025-10-22,-0.55171
2025-10-24,2025-10-29,-0.54921
2025-10-31,2025-11-05,-0.51456
2025-11-07,2025-11-13,-0.53493
2025-11-14,2025-11-19,-0.5382
2025-11-21,2025-11-26,-0.53414
2025-11-28,2025-12-03,-0.52426
2025-12-05,2025-12-10,-0.54587
2025-12-12,2025-12-17,-0.55282
2025-12-19,2025-12-24,-0.54911
2025-12-26,2025-12-31,-0.56896
2026-01-02,2026-01-07,-0.5536
2026-01-09,2026-01-14,-0.57258
2026-01-16,2026-01-22,-0.59026
2026-01-23,2026-01-28,-0.60032
2026-01-30,2026-02-04,-0.55725
2026-02-06,2026-02-11,-0.56306
2026-02-13,2026-02-19,-0.56814
2026-02-20,2026-02-25,-0.56294
2026-02-27,2026-03-04,-0.52365
2026-03-06,2026-03-11,-0.5137
2026-03-13,2026-03-18,-0.48574
2026-03-20,2026-03-25,-0.47504
2026-03-27,2026-04-01,-0.43366
2026-04-03,2026-04-08,-0.433
2026-04-10,2026-04-15,-0.465
2026-04-17,2026-04-22,-0.497
2026-04-24,2026-04-29,-0.518
2026-05-01,2026-05-06,-0.51
2026-05-08,2026-05-13,-0.524
2026-05-15,2026-05-20,-0.523
2026-05-22,2026-05-28,-0.51
2026-05-29,2026-06-03,-0.494
2026-06-05,2026-06-10,-0.506
2026-06-12,2026-06-17,-0.505
2026-06-19,2026-06-24,-0.516
2026-06-26,2026-07-01,-0.504
2026-07-03,2026-07-08,-0.515
2026-07-10,2026-07-15,-0.538
2026-07-17,2026-07-22,-0.552
2026-07-24,2026-07-29,-0.554
2026-07-31,2026-08-05,-0.529
2026-08-07,2026-08-12,-0.549
2026-08-14,2026-08-19,-0.559
2026-08-21,2026-08-26,-0.566
